INSERT INTO referral_selected_service_category (referral_id, service_category_id) VALUES('4739d844-6321-4c33-8096-bbc856e3a097','ca374ac3-84eb-4b91-bea7-9005398f426f'),
('d6ed0930-9761-4c38-bd0d-1f455c94dd8f','428ee70f-3001-4399-95a6-ad25eaaede16'),
('22ca3d61-b950-459b-8d2f-5ea662c00da2','8221a81c-08b2-4262-9c1a-0ab3c82cec8c'),
('01d73c1a-af7d-44ab-9c48-3ba6ee2a7b3c','428ee70f-3001-4399-95a6-ad25eaaede16'),
('fdc00873-2034-42d7-9142-779eea3af3c5','ca374ac3-84eb-4b91-bea7-9005398f426f'),
('b581af8e-1596-4c70-a980-3da13646eb37','8221a81c-08b2-4262-9c1a-0ab3c82cec8c'),
('d041b3d0-e0db-494e-80e0-934ede71573a','8221a81c-08b2-4262-9c1a-0ab3c82cec8c'),
('52d0ea4e-81cf-41d4-9a9f-3621c06e4351','ca374ac3-84eb-4b91-bea7-9005398f426f'),
('b0c883cb-7621-44d3-a07a-7da91108462e','ca374ac3-84eb-4b91-bea7-9005398f426f'),
('cee253ed-780c-43b8-be6b-5fb1a46a059c','ca374ac3-84eb-4b91-bea7-9005398f426f'),
('449cf177-42f2-4dde-a3a3-eb60621d63a9','428ee70f-3001-4399-95a6-ad25eaaede16'),
('f7e54807-8851-4f1b-8c3b-e3b4ef333fee','ca374ac3-84eb-4b91-bea7-9005398f426f'),
('39f10f4a-6128-4784-becf-5573d04138cc','8221a81c-08b2-4262-9c1a-0ab3c82cec8c'),
('64604d4d-75e2-4d41-a9ce-0b45c0a47beb','ca374ac3-84eb-4b91-bea7-9005398f426f'),
('3aed72ca-ad7a-4372-9c39-d384dc373166','ca374ac3-84eb-4b91-bea7-9005398f426f'),
('d3e72eea-d6df-4176-b5c8-46b7e34ae189','ca374ac3-84eb-4b91-bea7-9005398f426f'),
('3eb1cb6d-5115-4112-96df-cf90a31d5c40','8221a81c-08b2-4262-9c1a-0ab3c82cec8c'),
('fbe49df6-d7fb-447c-bea4-6d8ed8ac7401','8221a81c-08b2-4262-9c1a-0ab3c82cec8c'),
('e67adc43-5bd0-4827-aa8a-b4c648bca8d0','ca374ac3-84eb-4b91-bea7-9005398f426f'),
('5fad44c1-640d-4956-a2c9-730f3562881f','ca374ac3-84eb-4b91-bea7-9005398f426f'),
('65a6cd6b-5ee5-4e8d-9e20-8fe1ddb8bb19','ca374ac3-84eb-4b91-bea7-9005398f426f'),
('26d91a88-866b-42c0-a4ec-5dc09d07dc8c','ca374ac3-84eb-4b91-bea7-9005398f426f'),
('54b7a540-f589-4531-b57c-eb03a6c986a5','428ee70f-3001-4399-95a6-ad25eaaede16'),
('7e68b02a-063b-44bf-8371-1dbce6d997c6','ca374ac3-84eb-4b91-bea7-9005398f426f'),
('b666b0d3-354d-485c-b8fa-b82d9401de21','ca374ac3-84eb-4b91-bea7-9005398f426f'),
('b17f363f-afcc-44b3-a289-8033f325e92b','ca374ac3-84eb-4b91-bea7-9005398f426f'),
('3bbc1e95-d032-4345-9b52-0db223f2eb27','ca374ac3-84eb-4b91-bea7-9005398f426f'),
('d787b456-84aa-4f3a-a642-dce938989f52','ca374ac3-84eb-4b91-bea7-9005398f426f'),
('0b7fc7bf-d73d-46cc-b037-11e15ecc1c01','ca374ac3-84eb-4b91-bea7-9005398f426f'),
('1876efea-aa30-4c00-a904-c7b9549dd39b','ca374ac3-84eb-4b91-bea7-9005398f426f'),
('ab6e3676-d7d5-4317-9867-cf1e8cd0ed4d','8221a81c-08b2-4262-9c1a-0ab3c82cec8c'),
('004f102e-8943-4698-9c83-85f680327782','428ee70f-3001-4399-95a6-ad25eaaede16'),
('e0ffb978-80b0-4de9-87f1-119611f7f35b','428ee70f-3001-4399-95a6-ad25eaaede16'),
('a938e546-013a-4b5a-98c2-ff24f4b3d302','ca374ac3-84eb-4b91-bea7-9005398f426f'),
('bbb638b1-8803-4703-a553-2816ddee2cca','8221a81c-08b2-4262-9c1a-0ab3c82cec8c'),
('0d18ac14-eaf6-4582-b30d-70115038a21a','ca374ac3-84eb-4b91-bea7-9005398f426f'),
('08011905-79d5-45ce-a538-27b2dbfd8d1f','8221a81c-08b2-4262-9c1a-0ab3c82cec8c'),
('fbeb4043-975d-45ba-897b-61335ef35bba','428ee70f-3001-4399-95a6-ad25eaaede16'),
('7c8967de-a60b-4bde-9aeb-e6c823150729','8221a81c-08b2-4262-9c1a-0ab3c82cec8c'),
('c9d0708c-f2a4-4c9f-b299-89ff57a58a7d','ca374ac3-84eb-4b91-bea7-9005398f426f'),
('74b5b173-cb32-43d9-aeb5-ade7b00b58d3','ca374ac3-84eb-4b91-bea7-9005398f426f'),
('18fb3f29-352d-4e60-89a1-b5eb1c63edaf','8221a81c-08b2-4262-9c1a-0ab3c82cec8c'),
('6963266f-1474-44fa-8349-b38796443d7f','8221a81c-08b2-4262-9c1a-0ab3c82cec8c'),
('1e6652a5-2f16-4c5d-9883-cc61e746a09d','428ee70f-3001-4399-95a6-ad25eaaede16'),
('a959d307-849b-4130-94fe-280172bfc494','ca374ac3-84eb-4b91-bea7-9005398f426f'),
('3cdc68f6-44ac-4f8a-832c-8061c3db2d31','ca374ac3-84eb-4b91-bea7-9005398f426f'),
('a0a41418-8622-4deb-a0b3-e059cc25c5dd','ca374ac3-84eb-4b91-bea7-9005398f426f'),
('e68f3f60-aca3-4fe4-b4d1-309a3abacd2c','8221a81c-08b2-4262-9c1a-0ab3c82cec8c'),
('182bd432-9e97-40f0-a6dd-9070563ccc77','8221a81c-08b2-4262-9c1a-0ab3c82cec8c'),
('a9f050ee-c124-497e-a32d-0545e803528d','ca374ac3-84eb-4b91-bea7-9005398f426f'),
('2b35a1b4-ccae-47a7-89b6-b69652217461','ca374ac3-84eb-4b91-bea7-9005398f426f'),
('050f0d11-a03b-45a1-8073-6fe0963667ba','ca374ac3-84eb-4b91-bea7-9005398f426f'),
('e0fe6b6b-9955-4432-b896-856cbb540a64','8221a81c-08b2-4262-9c1a-0ab3c82cec8c'),
('ec1e7e0c-0241-4643-8a76-7133c58810de','ca374ac3-84eb-4b91-bea7-9005398f426f'),
('fc54074a-b4b1-4784-82d9-e53d2c0d5df3','ca374ac3-84eb-4b91-bea7-9005398f426f'),
('b4551f94-1143-41da-9769-51abbbba35b1','ca374ac3-84eb-4b91-bea7-9005398f426f'),
('480f97e2-360e-447e-9553-133614d0dd4f','ca374ac3-84eb-4b91-bea7-9005398f426f'),
('6f160efb-d236-422e-bf5f-6928104386d3','8221a81c-08b2-4262-9c1a-0ab3c82cec8c'),
('59aa4ee7-adec-4c82-9262-25e2db1a0e71','8221a81c-08b2-4262-9c1a-0ab3c82cec8c'),
('01d8fef9-89fb-4336-8d22-d10617ff4c4b','428ee70f-3001-4399-95a6-ad25eaaede16'),
('7007a4d4-790c-4aac-a0d9-3c9498a778cc','ca374ac3-84eb-4b91-bea7-9005398f426f'),
('441467a9-5e35-41a8-b051-507efd031ffc','ca374ac3-84eb-4b91-bea7-9005398f426f'),
('2d1b68a2-c5c5-49ad-ba6c-ec2ab7c44191','8221a81c-08b2-4262-9c1a-0ab3c82cec8c'),
('21a75671-971a-4078-aeba-4e77293465d9','8221a81c-08b2-4262-9c1a-0ab3c82cec8c'),
('301c3b22-fc55-4a31-8afb-2a6da3c970a7','8221a81c-08b2-4262-9c1a-0ab3c82cec8c'),
('ac4f8826-417a-429e-9484-573828ecc02f','428ee70f-3001-4399-95a6-ad25eaaede16'),
('1880c8b0-cc1b-488a-a990-938d5811052f','ca374ac3-84eb-4b91-bea7-9005398f426f'),
('77471c58-2599-4a05-9a6c-3d1ac31a5b9f','ca374ac3-84eb-4b91-bea7-9005398f426f'),
('0a3fc162-2e5c-40a7-83dc-214837fa0890','428ee70f-3001-4399-95a6-ad25eaaede16'),
('a6b7f544-97b9-48a7-82b7-85f27e344f73','ca374ac3-84eb-4b91-bea7-9005398f426f'),
('45a5f3df-0767-4c88-9cd7-db3b55ec1437','428ee70f-3001-4399-95a6-ad25eaaede16'),
('250ed9e5-0b4a-48ab-9e07-568ef02ecb41','ca374ac3-84eb-4b91-bea7-9005398f426f'),
('5222a5fc-f8e1-42ba-a227-ae7c54c9d197','428ee70f-3001-4399-95a6-ad25eaaede16'),
('a854b579-a4bf-49cf-b0fe-2864f784f9e3','ca374ac3-84eb-4b91-bea7-9005398f426f'),
('ddc3c7a1-4c31-4172-a7ae-ad4bd878283f','ca374ac3-84eb-4b91-bea7-9005398f426f'),
('117fd1d1-879a-4b4a-8fa1-54388665ba13','ca374ac3-84eb-4b91-bea7-9005398f426f'),
('aa28e999-8015-4534-ba61-68744014a753','ca374ac3-84eb-4b91-bea7-9005398f426f'),
('d3bb5c16-4e8a-494e-96d0-891f7be6d167','ca374ac3-84eb-4b91-bea7-9005398f426f'),
('66c2586b-9d18-4e70-9535-791eb183f2a4','8221a81c-08b2-4262-9c1a-0ab3c82cec8c'),
('88b6257b-ab5e-460d-bb3e-11dd2d90e9aa','428ee70f-3001-4399-95a6-ad25eaaede16'),
('469bf37f-b0e3-4a93-a32d-88166ed8c6b8','8221a81c-08b2-4262-9c1a-0ab3c82cec8c'),
('50efecd2-6581-4ed7-afe1-e9aff90cacf2','ca374ac3-84eb-4b91-bea7-9005398f426f'),
('2decd838-33db-4fd6-a196-554e25ddea5f','428ee70f-3001-4399-95a6-ad25eaaede16'),
('595ecb34-99dd-4ec5-820b-a327de7ec63b','ca374ac3-84eb-4b91-bea7-9005398f426f'),
('392a2fd5-6a24-4f0f-a158-8d149f29fc87','ca374ac3-84eb-4b91-bea7-9005398f426f'),
('24063fd1-78e3-4400-98e3-312ce383d676','8221a81c-08b2-4262-9c1a-0ab3c82cec8c'),
('2e4c7b3b-86b2-4186-a377-64103b5e1c11','428ee70f-3001-4399-95a6-ad25eaaede16'),
('9319431c-d919-4c3d-92cc-8161695977e0','428ee70f-3001-4399-95a6-ad25eaaede16'),
('2ac053f2-554d-4d38-95e3-cbe7d105a43e','428ee70f-3001-4399-95a6-ad25eaaede16'),
('5acc085d-2f70-4467-b513-f1b6d22e84d3','8221a81c-08b2-4262-9c1a-0ab3c82cec8c'),
('0b4c5352-7b89-491b-ac77-3214e036a357','428ee70f-3001-4399-95a6-ad25eaaede16'),
('8c9e5706-2d61-4c9e-897c-4f879b5d8819','428ee70f-3001-4399-95a6-ad25eaaede16'),
('23a75186-1c4d-42b9-8877-d655a40daf19','ca374ac3-84eb-4b91-bea7-9005398f426f'),
('d8db6ff8-e2e2-4786-ac4f-2f92d5cc45ad','8221a81c-08b2-4262-9c1a-0ab3c82cec8c'),
('8980a885-79a8-4336-bdfc-244c09215222','8221a81c-08b2-4262-9c1a-0ab3c82cec8c'),
('5d9de070-541f-4197-853b-3ece16b29f43','8221a81c-08b2-4262-9c1a-0ab3c82cec8c'),
('32800bfe-6194-479f-900f-89908bdf5f4b','428ee70f-3001-4399-95a6-ad25eaaede16'),
('64bd5b08-10c8-4799-8e5e-2f414c83f0ae','ca374ac3-84eb-4b91-bea7-9005398f426f'),
('773aea62-e36a-448b-ace0-e9a2cabcd85c','8221a81c-08b2-4262-9c1a-0ab3c82cec8c'),
('c37f5538-25c5-4301-8af4-a52be45ba1e4','ca374ac3-84eb-4b91-bea7-9005398f426f'),
('a2cfa6ab-8d77-460c-9f68-ab71bc5597d7','428ee70f-3001-4399-95a6-ad25eaaede16'),
('4a706752-a5eb-40c8-b456-099a3d3871f1','8221a81c-08b2-4262-9c1a-0ab3c82cec8c'),
('ea4f4b02-17bc-4826-ab41-514b79cb3d6a','ca374ac3-84eb-4b91-bea7-9005398f426f'),
('6ccbf234-bb2e-4c76-ac14-1c8d4c11b1a3','8221a81c-08b2-4262-9c1a-0ab3c82cec8c'),
('5bfabcb0-525c-4e48-a465-0e577a0976cd','ca374ac3-84eb-4b91-bea7-9005398f426f'),
('6e1f832f-dd8c-40e6-84fa-a53e65e4c847','8221a81c-08b2-4262-9c1a-0ab3c82cec8c'),
('e198f3b0-6632-4c27-a0d8-67fd34452e80','ca374ac3-84eb-4b91-bea7-9005398f426f'),
('2103c4c4-5fc3-4805-9849-bc76f00ccb37','ca374ac3-84eb-4b91-bea7-9005398f426f'),
('f524213e-e9e3-4dea-8bce-d559afc0a0b2','ca374ac3-84eb-4b91-bea7-9005398f426f'),
('4c1f5204-1109-479f-b5f5-364269019289','8221a81c-08b2-4262-9c1a-0ab3c82cec8c'),
('4705cfab-8874-41e4-985f-91e66445412d','428ee70f-3001-4399-95a6-ad25eaaede16'),
('33068256-0dc0-43b3-b530-d4bcc95e3e71','ca374ac3-84eb-4b91-bea7-9005398f426f'),
('adc2ec73-fe58-48ab-90b8-5f2d2000c545','ca374ac3-84eb-4b91-bea7-9005398f426f'),
('1b7f91c0-1efb-4ca8-9c16-74c902be6215','428ee70f-3001-4399-95a6-ad25eaaede16'),
('d937981f-8cf4-42f6-9213-b7da3b5fd230','8221a81c-08b2-4262-9c1a-0ab3c82cec8c'),
('59b41fdc-50a2-4b7e-86ee-a3d689a3127a','ca374ac3-84eb-4b91-bea7-9005398f426f'),
('660e631b-95cf-417c-bbf9-19746d3ed8e1','ca374ac3-84eb-4b91-bea7-9005398f426f'),
('4ee2e967-c947-44f9-b1cf-798962655e68','428ee70f-3001-4399-95a6-ad25eaaede16'),
('aed87176-98d1-47b4-9f79-1c4dd8588c78','8221a81c-08b2-4262-9c1a-0ab3c82cec8c'),
('593a1da9-b733-437e-b5a9-23a7a0140dc8','ca374ac3-84eb-4b91-bea7-9005398f426f'),
('92e08ae5-0d09-426d-b215-5c28ef256247','428ee70f-3001-4399-95a6-ad25eaaede16'),
('dbb16707-6cfc-48b3-9211-a12c3485969e','428ee70f-3001-4399-95a6-ad25eaaede16'),
('c08587a7-211f-457f-8e4f-be491b334133','428ee70f-3001-4399-95a6-ad25eaaede16'),
('2a835b67-def9-4fb1-8b56-56eca6cea700','8221a81c-08b2-4262-9c1a-0ab3c82cec8c'),
('78e2bb62-7873-443c-b41d-22fb3124fc7f','8221a81c-08b2-4262-9c1a-0ab3c82cec8c'),
('b1c34473-cec5-4d5f-b6b2-79996a1214d2','8221a81c-08b2-4262-9c1a-0ab3c82cec8c'),
('90525086-0aa3-486a-8d2e-10fa984f7449','8221a81c-08b2-4262-9c1a-0ab3c82cec8c'),
('747065e1-19b3-47df-97e1-d4491003ea6c','ca374ac3-84eb-4b91-bea7-9005398f426f'),
('b114a922-a9cf-414e-ba21-7f8bd4952d75','ca374ac3-84eb-4b91-bea7-9005398f426f'),
('adbfc977-56de-4504-a6f5-4d9508e54562','ca374ac3-84eb-4b91-bea7-9005398f426f'),
('d4786009-64e8-4cf3-ba43-8f19b8cca108','ca374ac3-84eb-4b91-bea7-9005398f426f'),
('b92cfad0-858e-4cef-a05a-4085522d4dce','8221a81c-08b2-4262-9c1a-0ab3c82cec8c'),
('d601268e-d2ab-4f0c-af8d-084ded11fd89','ca374ac3-84eb-4b91-bea7-9005398f426f'),
('ca9fc390-f02b-4010-a586-b494fde91407','428ee70f-3001-4399-95a6-ad25eaaede16'),
('ce4983c7-199f-47fb-8fcd-f36b28239b4d','8221a81c-08b2-4262-9c1a-0ab3c82cec8c'),
('0258f5cc-dc84-4038-ad12-72b895476023','8221a81c-08b2-4262-9c1a-0ab3c82cec8c'),
('b3629d6a-10ba-462f-87e1-114ad799ed11','ca374ac3-84eb-4b91-bea7-9005398f426f'),
('6cd4f822-baa4-494e-a2ac-a53a5221712e','ca374ac3-84eb-4b91-bea7-9005398f426f'),
('18b6e782-1cb2-450b-88cc-6fe18235f25f','428ee70f-3001-4399-95a6-ad25eaaede16'),
('d4f34d0d-057f-4d7d-840a-ca31a44ef4b8','ca374ac3-84eb-4b91-bea7-9005398f426f'),
('c16462cb-7c84-489f-9300-9064c6c5ea1a','ca374ac3-84eb-4b91-bea7-9005398f426f'),
('52535e16-08b8-470c-8e65-77ba769502eb','8221a81c-08b2-4262-9c1a-0ab3c82cec8c'),
('9afc12ea-6787-4874-9d1d-4645f56aa1bf','ca374ac3-84eb-4b91-bea7-9005398f426f'),
('15c8c06a-afd2-4b96-be60-55572f3a0290','8221a81c-08b2-4262-9c1a-0ab3c82cec8c'),
('0fe601d3-026c-4a8d-86da-0c58d09f4166','428ee70f-3001-4399-95a6-ad25eaaede16'),
('ed994b23-2a1e-4370-b7fd-35b086c6178f','428ee70f-3001-4399-95a6-ad25eaaede16'),
('96ac0d55-8a4a-4d0e-ac22-d672c58f29a7','8221a81c-08b2-4262-9c1a-0ab3c82cec8c'),
('3c1755f3-9b65-4def-9c33-f089317a6245','8221a81c-08b2-4262-9c1a-0ab3c82cec8c'),
('42a16950-fa4d-4de4-b4cc-48a964439b05','ca374ac3-84eb-4b91-bea7-9005398f426f'),
('aec90684-ba13-481e-9c48-0203a2975c42','8221a81c-08b2-4262-9c1a-0ab3c82cec8c');
INSERT INTO referral_desired_outcome (referral_id, desired_outcome_id, service_category_id) VALUES('4739d844-6321-4c33-8096-bbc856e3a097','8f438eb1-4f5c-4c23-9436-2ef784fb2426','ca374ac3-84eb-4b91-bea7-9005398f426f'),
('4739d844-6321-4c33-8096-bbc856e3a097','d45e5b8f-7ae3-4fed-8c6b-73959cfc1190','ca374ac3-84eb-4b91-bea7-9005398f426f'),
('d6ed0930-9761-4c38-bd0d-1f455c94dd8f','301ead30-30a4-4c7c-8296-2768abfb59b5','428ee70f-3001-4399-95a6-ad25eaaede16'),
('d6ed0930-9761-4c38-bd0d-1f455c94dd8f','19d5ef58-5cfc-41fe-894c-acd705dc1325','428ee70f-3001-4399-95a6-ad25eaaede16'),
('d6ed0930-9761-4c38-bd0d-1f455c94dd8f','e7f199de-eee1-4f57-a8c9-69281ea6cd4d','428ee70f-3001-4399-95a6-ad25eaaede16'),
('22ca3d61-b950-459b-8d2f-5ea662c00da2','117832ca-f65e-4cce-9cdd-bdf666e740ea','8221a81c-08b2-4262-9c1a-0ab3c82cec8c'),
('22ca3d61-b950-459b-8d2f-5ea662c00da2','6277c89b-28ca-49bd-8411-bf3d461a96f2','8221a81c-08b2-4262-9c1a-0ab3c82cec8c'),
('22ca3d61-b950-459b-8d2f-5ea662c00da2','ce7a55cc-d179-49d8-b7ab-6e8d93024ead','8221a81c-08b2-4262-9c1a-0ab3c82cec8c'),
('01d73c1a-af7d-44ab-9c48-3ba6ee2a7b3c','449a93d7-e705-4340-9936-c859644abd52','428ee70f-3001-4399-95a6-ad25eaaede16'),
('01d73c1a-af7d-44ab-9c48-3ba6ee2a7b3c','55a9cf76-428d-4409-8a57-aaa523f3b631','428ee70f-3001-4399-95a6-ad25eaaede16'),
('fdc00873-2034-42d7-9142-779eea3af3c5','d45e5b8f-7ae3-4fed-8c6b-73959cfc1190','ca374ac3-84eb-4b91-bea7-9005398f426f'),
('b581af8e-1596-4c70-a980-3da13646eb37','4fc163c9-f8fb-4cfd-b107-2cb13583ebf0','8221a81c-08b2-4262-9c1a-0ab3c82cec8c'),
('b581af8e-1596-4c70-a980-3da13646eb37','117832ca-f65e-4cce-9cdd-bdf666e740ea','8221a81c-08b2-4262-9c1a-0ab3c82cec8c'),
('b581af8e-1596-4c70-a980-3da13646eb37','ce7a55cc-d179-49d8-b7ab-6e8d93024ead','8221a81c-08b2-4262-9c1a-0ab3c82cec8c'),
('b581af8e-1596-4c70-a980-3da13646eb37','52a658f6-622b-491e-8085-cea58c9b015b','8221a81c-08b2-4262-9c1a-0ab3c82cec8c'),
('b581af8e-1596-4c70-a980-3da13646eb37','2b6e54d3-1cf7-4fc7-aae2-2f338085feda','8221a81c-08b2-4262-9c1a-0ab3c82cec8c'),
('d041b3d0-e0db-494e-80e0-934ede71573a','52a658f6-622b-491e-8085-cea58c9b015b','8221a81c-08b2-4262-9c1a-0ab3c82cec8c'),
('d041b3d0-e0db-494e-80e0-934ede71573a','2b6e54d3-1cf7-4fc7-aae2-2f338085feda','8221a81c-08b2-4262-9c1a-0ab3c82cec8c'),
('d041b3d0-e0db-494e-80e0-934ede71573a','6277c89b-28ca-49bd-8411-bf3d461a96f2','8221a81c-08b2-4262-9c1a-0ab3c82cec8c'),
('52d0ea4e-81cf-41d4-9a9f-3621c06e4351','8f438eb1-4f5c-4c23-9436-2ef784fb2426','ca374ac3-84eb-4b91-bea7-9005398f426f'),
('b0c883cb-7621-44d3-a07a-7da91108462e','42077326-ca07-40ea-af20-902249af844e','ca374ac3-84eb-4b91-bea7-9005398f426f'),
('b0c883cb-7621-44d3-a07a-7da91108462e','8f438eb1-4f5c-4c23-9436-2ef784fb2426','ca374ac3-84eb-4b91-bea7-9005398f426f'),
('cee253ed-780c-43b8-be6b-5fb1a46a059c','0541193e-ba84-46e7-973f-82a9900d7521','ca374ac3-84eb-4b91-bea7-9005398f426f'),
('cee253ed-780c-43b8-be6b-5fb1a46a059c','d45e5b8f-7ae3-4fed-8c6b-73959cfc1190','ca374ac3-84eb-4b91-bea7-9005398f426f'),
('cee253ed-780c-43b8-be6b-5fb1a46a059c','42077326-ca07-40ea-af20-902249af844e','ca374ac3-84eb-4b91-bea7-9005398f426f'),
('cee253ed-780c-43b8-be6b-5fb1a46a059c','8f438eb1-4f5c-4c23-9436-2ef784fb2426','ca374ac3-84eb-4b91-bea7-9005398f426f'),
('449cf177-42f2-4dde-a3a3-eb60621d63a9','449a93d7-e705-4340-9936-c859644abd52','428ee70f-3001-4399-95a6-ad25eaaede16'),
('449cf177-42f2-4dde-a3a3-eb60621d63a9','9b30ffad-dfcb-44ce-bdca-0ea49239a21a','428ee70f-3001-4399-95a6-ad25eaaede16'),
('449cf177-42f2-4dde-a3a3-eb60621d63a9','19d5ef58-5cfc-41fe-894c-acd705dc1325','428ee70f-3001-4399-95a6-ad25eaaede16'),
('449cf177-42f2-4dde-a3a3-eb60621d63a9','f6f70273-16a2-4dc7-aafc-9bc74215e713','428ee70f-3001-4399-95a6-ad25eaaede16'),
('449cf177-42f2-4dde-a3a3-eb60621d63a9','e7f199de-eee1-4f57-a8c9-69281ea6cd4d','428ee70f-3001-4399-95a6-ad25eaaede16'),
('449cf177-42f2-4dde-a3a3-eb60621d63a9','55a9cf76-428d-4409-8a57-aaa523f3b631','428ee70f-3001-4399-95a6-ad25eaaede16'),
('449cf177-42f2-4dde-a3a3-eb60621d63a9','65924ac6-9724-455b-ad30-906936291421','428ee70f-3001-4399-95a6-ad25eaaede16'),
('449cf177-42f2-4dde-a3a3-eb60621d63a9','301ead30-30a4-4c7c-8296-2768abfb59b5','428ee70f-3001-4399-95a6-ad25eaaede16'),
('f7e54807-8851-4f1b-8c3b-e3b4ef333fee','8f438eb1-4f5c-4c23-9436-2ef784fb2426','ca374ac3-84eb-4b91-bea7-9005398f426f'),
('39f10f4a-6128-4784-becf-5573d04138cc','117832ca-f65e-4cce-9cdd-bdf666e740ea','8221a81c-08b2-4262-9c1a-0ab3c82cec8c'),
('39f10f4a-6128-4784-becf-5573d04138cc','4fc163c9-f8fb-4cfd-b107-2cb13583ebf0','8221a81c-08b2-4262-9c1a-0ab3c82cec8c'),
('39f10f4a-6128-4784-becf-5573d04138cc','2b6e54d3-1cf7-4fc7-aae2-2f338085feda','8221a81c-08b2-4262-9c1a-0ab3c82cec8c'),
('39f10f4a-6128-4784-becf-5573d04138cc','6277c89b-28ca-49bd-8411-bf3d461a96f2','8221a81c-08b2-4262-9c1a-0ab3c82cec8c'),
('39f10f4a-6128-4784-becf-5573d04138cc','52a658f6-622b-491e-8085-cea58c9b015b','8221a81c-08b2-4262-9c1a-0ab3c82cec8c'),
('39f10f4a-6128-4784-becf-5573d04138cc','ce7a55cc-d179-49d8-b7ab-6e8d93024ead','8221a81c-08b2-4262-9c1a-0ab3c82cec8c'),
('64604d4d-75e2-4d41-a9ce-0b45c0a47beb','0541193e-ba84-46e7-973f-82a9900d7521','ca374ac3-84eb-4b91-bea7-9005398f426f'),
('3aed72ca-ad7a-4372-9c39-d384dc373166','8f438eb1-4f5c-4c23-9436-2ef784fb2426','ca374ac3-84eb-4b91-bea7-9005398f426f'),
('3aed72ca-ad7a-4372-9c39-d384dc373166','42077326-ca07-40ea-af20-902249af844e','ca374ac3-84eb-4b91-bea7-9005398f426f'),
('3aed72ca-ad7a-4372-9c39-d384dc373166','d45e5b8f-7ae3-4fed-8c6b-73959cfc1190','ca374ac3-84eb-4b91-bea7-9005398f426f'),
('3aed72ca-ad7a-4372-9c39-d384dc373166','0541193e-ba84-46e7-973f-82a9900d7521','ca374ac3-84eb-4b91-bea7-9005398f426f'),
('d3e72eea-d6df-4176-b5c8-46b7e34ae189','42077326-ca07-40ea-af20-902249af844e','ca374ac3-84eb-4b91-bea7-9005398f426f'),
('3eb1cb6d-5115-4112-96df-cf90a31d5c40','52a658f6-622b-491e-8085-cea58c9b015b','8221a81c-08b2-4262-9c1a-0ab3c82cec8c'),
('3eb1cb6d-5115-4112-96df-cf90a31d5c40','6277c89b-28ca-49bd-8411-bf3d461a96f2','8221a81c-08b2-4262-9c1a-0ab3c82cec8c'),
('3eb1cb6d-5115-4112-96df-cf90a31d5c40','2b6e54d3-1cf7-4fc7-aae2-2f338085feda','8221a81c-08b2-4262-9c1a-0ab3c82cec8c'),
('fbe49df6-d7fb-447c-bea4-6d8ed8ac7401','6277c89b-28ca-49bd-8411-bf3d461a96f2','8221a81c-08b2-4262-9c1a-0ab3c82cec8c'),
('fbe49df6-d7fb-447c-bea4-6d8ed8ac7401','2b6e54d3-1cf7-4fc7-aae2-2f338085feda','8221a81c-08b2-4262-9c1a-0ab3c82cec8c'),
('fbe49df6-d7fb-447c-bea4-6d8ed8ac7401','52a658f6-622b-491e-8085-cea58c9b015b','8221a81c-08b2-4262-9c1a-0ab3c82cec8c'),
('fbe49df6-d7fb-447c-bea4-6d8ed8ac7401','117832ca-f65e-4cce-9cdd-bdf666e740ea','8221a81c-08b2-4262-9c1a-0ab3c82cec8c'),
('fbe49df6-d7fb-447c-bea4-6d8ed8ac7401','4fc163c9-f8fb-4cfd-b107-2cb13583ebf0','8221a81c-08b2-4262-9c1a-0ab3c82cec8c'),
('e67adc43-5bd0-4827-aa8a-b4c648bca8d0','8f438eb1-4f5c-4c23-9436-2ef784fb2426','ca374ac3-84eb-4b91-bea7-9005398f426f'),
('5fad44c1-640d-4956-a2c9-730f3562881f','8f438eb1-4f5c-4c23-9436-2ef784fb2426','ca374ac3-84eb-4b91-bea7-9005398f426f'),
('5fad44c1-640d-4956-a2c9-730f3562881f','0541193e-ba84-46e7-973f-82a9900d7521','ca374ac3-84eb-4b91-bea7-9005398f426f'),
('65a6cd6b-5ee5-4e8d-9e20-8fe1ddb8bb19','d45e5b8f-7ae3-4fed-8c6b-73959cfc1190','ca374ac3-84eb-4b91-bea7-9005398f426f'),
('65a6cd6b-5ee5-4e8d-9e20-8fe1ddb8bb19','0541193e-ba84-46e7-973f-82a9900d7521','ca374ac3-84eb-4b91-bea7-9005398f426f'),
('26d91a88-866b-42c0-a4ec-5dc09d07dc8c','d45e5b8f-7ae3-4fed-8c6b-73959cfc1190','ca374ac3-84eb-4b91-bea7-9005398f426f'),
('54b7a540-f589-4531-b57c-eb03a6c986a5','9b30ffad-dfcb-44ce-bdca-0ea49239a21a','428ee70f-3001-4399-95a6-ad25eaaede16'),
('54b7a540-f589-4531-b57c-eb03a6c986a5','f6f70273-16a2-4dc7-aafc-9bc74215e713','428ee70f-3001-4399-95a6-ad25eaaede16'),
('54b7a540-f589-4531-b57c-eb03a6c986a5','65924ac6-9724-455b-ad30-906936291421','428ee70f-3001-4399-95a6-ad25eaaede16'),
('54b7a540-f589-4531-b57c-eb03a6c986a5','e7f199de-eee1-4f57-a8c9-69281ea6cd4d','428ee70f-3001-4399-95a6-ad25eaaede16'),
('54b7a540-f589-4531-b57c-eb03a6c986a5','449a93d7-e705-4340-9936-c859644abd52','428ee70f-3001-4399-95a6-ad25eaaede16'),
('54b7a540-f589-4531-b57c-eb03a6c986a5','19d5ef58-5cfc-41fe-894c-acd705dc1325','428ee70f-3001-4399-95a6-ad25eaaede16'),
('7e68b02a-063b-44bf-8371-1dbce6d997c6','42077326-ca07-40ea-af20-902249af844e','ca374ac3-84eb-4b91-bea7-9005398f426f'),
('7e68b02a-063b-44bf-8371-1dbce6d997c6','d45e5b8f-7ae3-4fed-8c6b-73959cfc1190','ca374ac3-84eb-4b91-bea7-9005398f426f'),
('b666b0d3-354d-485c-b8fa-b82d9401de21','8f438eb1-4f5c-4c23-9436-2ef784fb2426','ca374ac3-84eb-4b91-bea7-9005398f426f'),
('b17f363f-afcc-44b3-a289-8033f325e92b','0541193e-ba84-46e7-973f-82a9900d7521','ca374ac3-84eb-4b91-bea7-9005398f426f'),
('b17f363f-afcc-44b3-a289-8033f325e92b','42077326-ca07-40ea-af20-902249af844e','ca374ac3-84eb-4b91-bea7-9005398f426f'),
('3bbc1e95-d032-4345-9b52-0db223f2eb27','42077326-ca07-40ea-af20-902249af844e','ca374ac3-84eb-4b91-bea7-9005398f426f'),
('3bbc1e95-d032-4345-9b52-0db223f2eb27','d45e5b8f-7ae3-4fed-8c6b-73959cfc1190','ca374ac3-84eb-4b91-bea7-9005398f426f'),
('3bbc1e95-d032-4345-9b52-0db223f2eb27','8f438eb1-4f5c-4c23-9436-2ef784fb2426','ca374ac3-84eb-4b91-bea7-9005398f426f'),
('3bbc1e95-d032-4345-9b52-0db223f2eb27','0541193e-ba84-46e7-973f-82a9900d7521','ca374ac3-84eb-4b91-bea7-9005398f426f'),
('d787b456-84aa-4f3a-a642-dce938989f52','42077326-ca07-40ea-af20-902249af844e','ca374ac3-84eb-4b91-bea7-9005398f426f'),
('0b7fc7bf-d73d-46cc-b037-11e15ecc1c01','42077326-ca07-40ea-af20-902249af844e','ca374ac3-84eb-4b91-bea7-9005398f426f'),
('0b7fc7bf-d73d-46cc-b037-11e15ecc1c01','8f438eb1-4f5c-4c23-9436-2ef784fb2426','ca374ac3-84eb-4b91-bea7-9005398f426f'),
('1876efea-aa30-4c00-a904-c7b9549dd39b','d45e5b8f-7ae3-4fed-8c6b-73959cfc1190','ca374ac3-84eb-4b91-bea7-9005398f426f'),
('ab6e3676-d7d5-4317-9867-cf1e8cd0ed4d','2b6e54d3-1cf7-4fc7-aae2-2f338085feda','8221a81c-08b2-4262-9c1a-0ab3c82cec8c'),
('004f102e-8943-4698-9c83-85f680327782','449a93d7-e705-4340-9936-c859644abd52','428ee70f-3001-4399-95a6-ad25eaaede16'),
('004f102e-8943-4698-9c83-85f680327782','301ead30-30a4-4c7c-8296-2768abfb59b5','428ee70f-3001-4399-95a6-ad25eaaede16'),
('004f102e-8943-4698-9c83-85f680327782','e7f199de-eee1-4f57-a8c9-69281ea6cd4d','428ee70f-3001-4399-95a6-ad25eaaede16'),
('004f102e-8943-4698-9c83-85f680327782','9b30ffad-dfcb-44ce-bdca-0ea49239a21a','428ee70f-3001-4399-95a6-ad25eaaede16'),
('004f102e-8943-4698-9c83-85f680327782','55a9cf76-428d-4409-8a57-aaa523f3b631','428ee70f-3001-4399-95a6-ad25eaaede16'),
('004f102e-8943-4698-9c83-85f680327782','f6f70273-16a2-4dc7-aafc-9bc74215e713','428ee70f-3001-4399-95a6-ad25eaaede16'),
('004f102e-8943-4698-9c83-85f680327782','65924ac6-9724-455b-ad30-906936291421','428ee70f-3001-4399-95a6-ad25eaaede16'),
('004f102e-8943-4698-9c83-85f680327782','19d5ef58-5cfc-41fe-894c-acd705dc1325','428ee70f-3001-4399-95a6-ad25eaaede16'),
('e0ffb978-80b0-4de9-87f1-119611f7f35b','e7f199de-eee1-4f57-a8c9-69281ea6cd4d','428ee70f-3001-4399-95a6-ad25eaaede16'),
('e0ffb978-80b0-4de9-87f1-119611f7f35b','65924ac6-9724-455b-ad30-906936291421','428ee70f-3001-4399-95a6-ad25eaaede16'),
('e0ffb978-80b0-4de9-87f1-119611f7f35b','9b30ffad-dfcb-44ce-bdca-0ea49239a21a','428ee70f-3001-4399-95a6-ad25eaaede16'),
('e0ffb978-80b0-4de9-87f1-119611f7f35b','449a93d7-e705-4340-9936-c859644abd52','428ee70f-3001-4399-95a6-ad25eaaede16'),
('e0ffb978-80b0-4de9-87f1-119611f7f35b','301ead30-30a4-4c7c-8296-2768abfb59b5','428ee70f-3001-4399-95a6-ad25eaaede16'),
('e0ffb978-80b0-4de9-87f1-119611f7f35b','19d5ef58-5cfc-41fe-894c-acd705dc1325','428ee70f-3001-4399-95a6-ad25eaaede16'),
('e0ffb978-80b0-4de9-87f1-119611f7f35b','f6f70273-16a2-4dc7-aafc-9bc74215e713','428ee70f-3001-4399-95a6-ad25eaaede16'),
('a938e546-013a-4b5a-98c2-ff24f4b3d302','0541193e-ba84-46e7-973f-82a9900d7521','ca374ac3-84eb-4b91-bea7-9005398f426f'),
('bbb638b1-8803-4703-a553-2816ddee2cca','ce7a55cc-d179-49d8-b7ab-6e8d93024ead','8221a81c-08b2-4262-9c1a-0ab3c82cec8c'),
('bbb638b1-8803-4703-a553-2816ddee2cca','6277c89b-28ca-49bd-8411-bf3d461a96f2','8221a81c-08b2-4262-9c1a-0ab3c82cec8c'),
('bbb638b1-8803-4703-a553-2816ddee2cca','4fc163c9-f8fb-4cfd-b107-2cb13583ebf0','8221a81c-08b2-4262-9c1a-0ab3c82cec8c'),
('bbb638b1-8803-4703-a553-2816ddee2cca','2b6e54d3-1cf7-4fc7-aae2-2f338085feda','8221a81c-08b2-4262-9c1a-0ab3c82cec8c'),
('bbb638b1-8803-4703-a553-2816ddee2cca','117832ca-f65e-4cce-9cdd-bdf666e740ea','8221a81c-08b2-4262-9c1a-0ab3c82cec8c'),
('0d18ac14-eaf6-4582-b30d-70115038a21a','8f438eb1-4f5c-4c23-9436-2ef784fb2426','ca374ac3-84eb-4b91-bea7-9005398f426f'),
('0d18ac14-eaf6-4582-b30d-70115038a21a','42077326-ca07-40ea-af20-902249af844e','ca374ac3-84eb-4b91-bea7-9005398f426f'),
('08011905-79d5-45ce-a538-27b2dbfd8d1f','2b6e54d3-1cf7-4fc7-aae2-2f338085feda','8221a81c-08b2-4262-9c1a-0ab3c82cec8c'),
('08011905-79d5-45ce-a538-27b2dbfd8d1f','52a658f6-622b-491e-8085-cea58c9b015b','8221a81c-08b2-4262-9c1a-0ab3c82cec8c'),
('08011905-79d5-45ce-a538-27b2dbfd8d1f','ce7a55cc-d179-49d8-b7ab-6e8d93024ead','8221a81c-08b2-4262-9c1a-0ab3c82cec8c'),
('08011905-79d5-45ce-a538-27b2dbfd8d1f','117832ca-f65e-4cce-9cdd-bdf666e740ea','8221a81c-08b2-4262-9c1a-0ab3c82cec8c'),
('08011905-79d5-45ce-a538-27b2dbfd8d1f','4fc163c9-f8fb-4cfd-b107-2cb13583ebf0','8221a81c-08b2-4262-9c1a-0ab3c82cec8c'),
('08011905-79d5-45ce-a538-27b2dbfd8d1f','6277c89b-28ca-49bd-8411-bf3d461a96f2','8221a81c-08b2-4262-9c1a-0ab3c82cec8c'),
('fbeb4043-975d-45ba-897b-61335ef35bba','449a93d7-e705-4340-9936-c859644abd52','428ee70f-3001-4399-95a6-ad25eaaede16'),
('fbeb4043-975d-45ba-897b-61335ef35bba','19d5ef58-5cfc-41fe-894c-acd705dc1325','428ee70f-3001-4399-95a6-ad25eaaede16'),
('fbeb4043-975d-45ba-897b-61335ef35bba','65924ac6-9724-455b-ad30-906936291421','428ee70f-3001-4399-95a6-ad25eaaede16'),
('fbeb4043-975d-45ba-897b-61335ef35bba','301ead30-30a4-4c7c-8296-2768abfb59b5','428ee70f-3001-4399-95a6-ad25eaaede16'),
('fbeb4043-975d-45ba-897b-61335ef35bba','9b30ffad-dfcb-44ce-bdca-0ea49239a21a','428ee70f-3001-4399-95a6-ad25eaaede16'),
('fbeb4043-975d-45ba-897b-61335ef35bba','e7f199de-eee1-4f57-a8c9-69281ea6cd4d','428ee70f-3001-4399-95a6-ad25eaaede16'),
('fbeb4043-975d-45ba-897b-61335ef35bba','55a9cf76-428d-4409-8a57-aaa523f3b631','428ee70f-3001-4399-95a6-ad25eaaede16'),
('fbeb4043-975d-45ba-897b-61335ef35bba','f6f70273-16a2-4dc7-aafc-9bc74215e713','428ee70f-3001-4399-95a6-ad25eaaede16'),
('7c8967de-a60b-4bde-9aeb-e6c823150729','52a658f6-622b-491e-8085-cea58c9b015b','8221a81c-08b2-4262-9c1a-0ab3c82cec8c'),
('7c8967de-a60b-4bde-9aeb-e6c823150729','117832ca-f65e-4cce-9cdd-bdf666e740ea','8221a81c-08b2-4262-9c1a-0ab3c82cec8c'),
('c9d0708c-f2a4-4c9f-b299-89ff57a58a7d','0541193e-ba84-46e7-973f-82a9900d7521','ca374ac3-84eb-4b91-bea7-9005398f426f'),
('c9d0708c-f2a4-4c9f-b299-89ff57a58a7d','42077326-ca07-40ea-af20-902249af844e','ca374ac3-84eb-4b91-bea7-9005398f426f'),
('c9d0708c-f2a4-4c9f-b299-89ff57a58a7d','8f438eb1-4f5c-4c23-9436-2ef784fb2426','ca374ac3-84eb-4b91-bea7-9005398f426f'),
('c9d0708c-f2a4-4c9f-b299-89ff57a58a7d','d45e5b8f-7ae3-4fed-8c6b-73959cfc1190','ca374ac3-84eb-4b91-bea7-9005398f426f'),
('74b5b173-cb32-43d9-aeb5-ade7b00b58d3','42077326-ca07-40ea-af20-902249af844e','ca374ac3-84eb-4b91-bea7-9005398f426f'),
('18fb3f29-352d-4e60-89a1-b5eb1c63edaf','117832ca-f65e-4cce-9cdd-bdf666e740ea','8221a81c-08b2-4262-9c1a-0ab3c82cec8c'),
('18fb3f29-352d-4e60-89a1-b5eb1c63edaf','52a658f6-622b-491e-8085-cea58c9b015b','8221a81c-08b2-4262-9c1a-0ab3c82cec8c'),
('18fb3f29-352d-4e60-89a1-b5eb1c63edaf','ce7a55cc-d179-49d8-b7ab-6e8d93024ead','8221a81c-08b2-4262-9c1a-0ab3c82cec8c'),
('18fb3f29-352d-4e60-89a1-b5eb1c63edaf','4fc163c9-f8fb-4cfd-b107-2cb13583ebf0','8221a81c-08b2-4262-9c1a-0ab3c82cec8c'),
('18fb3f29-352d-4e60-89a1-b5eb1c63edaf','2b6e54d3-1cf7-4fc7-aae2-2f338085feda','8221a81c-08b2-4262-9c1a-0ab3c82cec8c'),
('6963266f-1474-44fa-8349-b38796443d7f','117832ca-f65e-4cce-9cdd-bdf666e740ea','8221a81c-08b2-4262-9c1a-0ab3c82cec8c'),
('6963266f-1474-44fa-8349-b38796443d7f','52a658f6-622b-491e-8085-cea58c9b015b','8221a81c-08b2-4262-9c1a-0ab3c82cec8c'),
('6963266f-1474-44fa-8349-b38796443d7f','ce7a55cc-d179-49d8-b7ab-6e8d93024ead','8221a81c-08b2-4262-9c1a-0ab3c82cec8c'),
('6963266f-1474-44fa-8349-b38796443d7f','2b6e54d3-1cf7-4fc7-aae2-2f338085feda','8221a81c-08b2-4262-9c1a-0ab3c82cec8c'),
('6963266f-1474-44fa-8349-b38796443d7f','6277c89b-28ca-49bd-8411-bf3d461a96f2','8221a81c-08b2-4262-9c1a-0ab3c82cec8c'),
('6963266f-1474-44fa-8349-b38796443d7f','4fc163c9-f8fb-4cfd-b107-2cb13583ebf0','8221a81c-08b2-4262-9c1a-0ab3c82cec8c'),
('1e6652a5-2f16-4c5d-9883-cc61e746a09d','19d5ef58-5cfc-41fe-894c-acd705dc1325','428ee70f-3001-4399-95a6-ad25eaaede16'),
('a959d307-849b-4130-94fe-280172bfc494','d45e5b8f-7ae3-4fed-8c6b-73959cfc1190','ca374ac3-84eb-4b91-bea7-9005398f426f'),
('a959d307-849b-4130-94fe-280172bfc494','42077326-ca07-40ea-af20-902249af844e','ca374ac3-84eb-4b91-bea7-9005398f426f'),
('a959d307-849b-4130-94fe-280172bfc494','8f438eb1-4f5c-4c23-9436-2ef784fb2426','ca374ac3-84eb-4b91-bea7-9005398f426f'),
('3cdc68f6-44ac-4f8a-832c-8061c3db2d31','42077326-ca07-40ea-af20-902249af844e','ca374ac3-84eb-4b91-bea7-9005398f426f'),
('3cdc68f6-44ac-4f8a-832c-8061c3db2d31','8f438eb1-4f5c-4c23-9436-2ef784fb2426','ca374ac3-84eb-4b91-bea7-9005398f426f'),
('3cdc68f6-44ac-4f8a-832c-8061c3db2d31','d45e5b8f-7ae3-4fed-8c6b-73959cfc1190','ca374ac3-84eb-4b91-bea7-9005398f426f'),
('a0a41418-8622-4deb-a0b3-e059cc25c5dd','8f438eb1-4f5c-4c23-9436-2ef784fb2426','ca374ac3-84eb-4b91-bea7-9005398f426f'),
('a0a41418-8622-4deb-a0b3-e059cc25c5dd','d45e5b8f-7ae3-4fed-8c6b-73959cfc1190','ca374ac3-84eb-4b91-bea7-9005398f426f'),
('e68f3f60-aca3-4fe4-b4d1-309a3abacd2c','2b6e54d3-1cf7-4fc7-aae2-2f338085feda','8221a81c-08b2-4262-9c1a-0ab3c82cec8c'),
('e68f3f60-aca3-4fe4-b4d1-309a3abacd2c','117832ca-f65e-4cce-9cdd-bdf666e740ea','8221a81c-08b2-4262-9c1a-0ab3c82cec8c'),
('e68f3f60-aca3-4fe4-b4d1-309a3abacd2c','4fc163c9-f8fb-4cfd-b107-2cb13583ebf0','8221a81c-08b2-4262-9c1a-0ab3c82cec8c'),
('e68f3f60-aca3-4fe4-b4d1-309a3abacd2c','6277c89b-28ca-49bd-8411-bf3d461a96f2','8221a81c-08b2-4262-9c1a-0ab3c82cec8c'),
('e68f3f60-aca3-4fe4-b4d1-309a3abacd2c','ce7a55cc-d179-49d8-b7ab-6e8d93024ead','8221a81c-08b2-4262-9c1a-0ab3c82cec8c'),
('182bd432-9e97-40f0-a6dd-9070563ccc77','2b6e54d3-1cf7-4fc7-aae2-2f338085feda','8221a81c-08b2-4262-9c1a-0ab3c82cec8c'),
('182bd432-9e97-40f0-a6dd-9070563ccc77','52a658f6-622b-491e-8085-cea58c9b015b','8221a81c-08b2-4262-9c1a-0ab3c82cec8c'),
('182bd432-9e97-40f0-a6dd-9070563ccc77','6277c89b-28ca-49bd-8411-bf3d461a96f2','8221a81c-08b2-4262-9c1a-0ab3c82cec8c'),
('a9f050ee-c124-497e-a32d-0545e803528d','0541193e-ba84-46e7-973f-82a9900d7521','ca374ac3-84eb-4b91-bea7-9005398f426f'),
('2b35a1b4-ccae-47a7-89b6-b69652217461','8f438eb1-4f5c-4c23-9436-2ef784fb2426','ca374ac3-84eb-4b91-bea7-9005398f426f'),
('2b35a1b4-ccae-47a7-89b6-b69652217461','42077326-ca07-40ea-af20-902249af844e','ca374ac3-84eb-4b91-bea7-9005398f426f'),
('050f0d11-a03b-45a1-8073-6fe0963667ba','d45e5b8f-7ae3-4fed-8c6b-73959cfc1190','ca374ac3-84eb-4b91-bea7-9005398f426f'),
('050f0d11-a03b-45a1-8073-6fe0963667ba','8f438eb1-4f5c-4c23-9436-2ef784fb2426','ca374ac3-84eb-4b91-bea7-9005398f426f'),
('e0fe6b6b-9955-4432-b896-856cbb540a64','2b6e54d3-1cf7-4fc7-aae2-2f338085feda','8221a81c-08b2-4262-9c1a-0ab3c82cec8c'),
('e0fe6b6b-9955-4432-b896-856cbb540a64','52a658f6-622b-491e-8085-cea58c9b015b','8221a81c-08b2-4262-9c1a-0ab3c82cec8c'),
('e0fe6b6b-9955-4432-b896-856cbb540a64','ce7a55cc-d179-49d8-b7ab-6e8d93024ead','8221a81c-08b2-4262-9c1a-0ab3c82cec8c'),
('e0fe6b6b-9955-4432-b896-856cbb540a64','4fc163c9-f8fb-4cfd-b107-2cb13583ebf0','8221a81c-08b2-4262-9c1a-0ab3c82cec8c'),
('ec1e7e0c-0241-4643-8a76-7133c58810de','42077326-ca07-40ea-af20-902249af844e','ca374ac3-84eb-4b91-bea7-9005398f426f'),
('ec1e7e0c-0241-4643-8a76-7133c58810de','d45e5b8f-7ae3-4fed-8c6b-73959cfc1190','ca374ac3-84eb-4b91-bea7-9005398f426f'),
('ec1e7e0c-0241-4643-8a76-7133c58810de','0541193e-ba84-46e7-973f-82a9900d7521','ca374ac3-84eb-4b91-bea7-9005398f426f'),
('fc54074a-b4b1-4784-82d9-e53d2c0d5df3','0541193e-ba84-46e7-973f-82a9900d7521','ca374ac3-84eb-4b91-bea7-9005398f426f'),
('fc54074a-b4b1-4784-82d9-e53d2c0d5df3','8f438eb1-4f5c-4c23-9436-2ef784fb2426','ca374ac3-84eb-4b91-bea7-9005398f426f'),
('fc54074a-b4b1-4784-82d9-e53d2c0d5df3','d45e5b8f-7ae3-4fed-8c6b-73959cfc1190','ca374ac3-84eb-4b91-bea7-9005398f426f'),
('b4551f94-1143-41da-9769-51abbbba35b1','42077326-ca07-40ea-af20-902249af844e','ca374ac3-84eb-4b91-bea7-9005398f426f'),
('b4551f94-1143-41da-9769-51abbbba35b1','d45e5b8f-7ae3-4fed-8c6b-73959cfc1190','ca374ac3-84eb-4b91-bea7-9005398f426f'),
('b4551f94-1143-41da-9769-51abbbba35b1','0541193e-ba84-46e7-973f-82a9900d7521','ca374ac3-84eb-4b91-bea7-9005398f426f'),
('480f97e2-360e-447e-9553-133614d0dd4f','0541193e-ba84-46e7-973f-82a9900d7521','ca374ac3-84eb-4b91-bea7-9005398f426f'),
('480f97e2-360e-447e-9553-133614d0dd4f','d45e5b8f-7ae3-4fed-8c6b-73959cfc1190','ca374ac3-84eb-4b91-bea7-9005398f426f'),
('6f160efb-d236-422e-bf5f-6928104386d3','52a658f6-622b-491e-8085-cea58c9b015b','8221a81c-08b2-4262-9c1a-0ab3c82cec8c'),
('59aa4ee7-adec-4c82-9262-25e2db1a0e71','6277c89b-28ca-49bd-8411-bf3d461a96f2','8221a81c-08b2-4262-9c1a-0ab3c82cec8c'),
('59aa4ee7-adec-4c82-9262-25e2db1a0e71','52a658f6-622b-491e-8085-cea58c9b015b','8221a81c-08b2-4262-9c1a-0ab3c82cec8c'),
('59aa4ee7-adec-4c82-9262-25e2db1a0e71','2b6e54d3-1cf7-4fc7-aae2-2f338085feda','8221a81c-08b2-4262-9c1a-0ab3c82cec8c'),
('01d8fef9-89fb-4336-8d22-d10617ff4c4b','301ead30-30a4-4c7c-8296-2768abfb59b5','428ee70f-3001-4399-95a6-ad25eaaede16'),
('7007a4d4-790c-4aac-a0d9-3c9498a778cc','42077326-ca07-40ea-af20-902249af844e','ca374ac3-84eb-4b91-bea7-9005398f426f'),
('441467a9-5e35-41a8-b051-507efd031ffc','42077326-ca07-40ea-af20-902249af844e','ca374ac3-84eb-4b91-bea7-9005398f426f'),
('441467a9-5e35-41a8-b051-507efd031ffc','d45e5b8f-7ae3-4fed-8c6b-73959cfc1190','ca374ac3-84eb-4b91-bea7-9005398f426f'),
('441467a9-5e35-41a8-b051-507efd031ffc','0541193e-ba84-46e7-973f-82a9900d7521','ca374ac3-84eb-4b91-bea7-9005398f426f'),
('441467a9-5e35-41a8-b051-507efd031ffc','8f438eb1-4f5c-4c23-9436-2ef784fb2426','ca374ac3-84eb-4b91-bea7-9005398f426f'),
('2d1b68a2-c5c5-49ad-ba6c-ec2ab7c44191','117832ca-f65e-4cce-9cdd-bdf666e740ea','8221a81c-08b2-4262-9c1a-0ab3c82cec8c'),
('2d1b68a2-c5c5-49ad-ba6c-ec2ab7c44191','2b6e54d3-1cf7-4fc7-aae2-2f338085feda','8221a81c-08b2-4262-9c1a-0ab3c82cec8c'),
('2d1b68a2-c5c5-49ad-ba6c-ec2ab7c44191','4fc163c9-f8fb-4cfd-b107-2cb13583ebf0','8221a81c-08b2-4262-9c1a-0ab3c82cec8c'),
('2d1b68a2-c5c5-49ad-ba6c-ec2ab7c44191','ce7a55cc-d179-49d8-b7ab-6e8d93024ead','8221a81c-08b2-4262-9c1a-0ab3c82cec8c'),
('2d1b68a2-c5c5-49ad-ba6c-ec2ab7c44191','6277c89b-28ca-49bd-8411-bf3d461a96f2','8221a81c-08b2-4262-9c1a-0ab3c82cec8c'),
('2d1b68a2-c5c5-49ad-ba6c-ec2ab7c44191','52a658f6-622b-491e-8085-cea58c9b015b','8221a81c-08b2-4262-9c1a-0ab3c82cec8c'),
('21a75671-971a-4078-aeba-4e77293465d9','117832ca-f65e-4cce-9cdd-bdf666e740ea','8221a81c-08b2-4262-9c1a-0ab3c82cec8c'),
('21a75671-971a-4078-aeba-4e77293465d9','2b6e54d3-1cf7-4fc7-aae2-2f338085feda','8221a81c-08b2-4262-9c1a-0ab3c82cec8c'),
('21a75671-971a-4078-aeba-4e77293465d9','52a658f6-622b-491e-8085-cea58c9b015b','8221a81c-08b2-4262-9c1a-0ab3c82cec8c'),
('301c3b22-fc55-4a31-8afb-2a6da3c970a7','2b6e54d3-1cf7-4fc7-aae2-2f338085feda','8221a81c-08b2-4262-9c1a-0ab3c82cec8c'),
('301c3b22-fc55-4a31-8afb-2a6da3c970a7','4fc163c9-f8fb-4cfd-b107-2cb13583ebf0','8221a81c-08b2-4262-9c1a-0ab3c82cec8c'),
('301c3b22-fc55-4a31-8afb-2a6da3c970a7','ce7a55cc-d179-49d8-b7ab-6e8d93024ead','8221a81c-08b2-4262-9c1a-0ab3c82cec8c'),
('301c3b22-fc55-4a31-8afb-2a6da3c970a7','52a658f6-622b-491e-8085-cea58c9b015b','8221a81c-08b2-4262-9c1a-0ab3c82cec8c'),
('301c3b22-fc55-4a31-8afb-2a6da3c970a7','6277c89b-28ca-49bd-8411-bf3d461a96f2','8221a81c-08b2-4262-9c1a-0ab3c82cec8c'),
('301c3b22-fc55-4a31-8afb-2a6da3c970a7','117832ca-f65e-4cce-9cdd-bdf666e740ea','8221a81c-08b2-4262-9c1a-0ab3c82cec8c'),
('ac4f8826-417a-429e-9484-573828ecc02f','449a93d7-e705-4340-9936-c859644abd52','428ee70f-3001-4399-95a6-ad25eaaede16'),
('ac4f8826-417a-429e-9484-573828ecc02f','55a9cf76-428d-4409-8a57-aaa523f3b631','428ee70f-3001-4399-95a6-ad25eaaede16'),
('ac4f8826-417a-429e-9484-573828ecc02f','f6f70273-16a2-4dc7-aafc-9bc74215e713','428ee70f-3001-4399-95a6-ad25eaaede16'),
('ac4f8826-417a-429e-9484-573828ecc02f','e7f199de-eee1-4f57-a8c9-69281ea6cd4d','428ee70f-3001-4399-95a6-ad25eaaede16'),
('1880c8b0-cc1b-488a-a990-938d5811052f','42077326-ca07-40ea-af20-902249af844e','ca374ac3-84eb-4b91-bea7-9005398f426f'),
('77471c58-2599-4a05-9a6c-3d1ac31a5b9f','8f438eb1-4f5c-4c23-9436-2ef784fb2426','ca374ac3-84eb-4b91-bea7-9005398f426f'),
('77471c58-2599-4a05-9a6c-3d1ac31a5b9f','d45e5b8f-7ae3-4fed-8c6b-73959cfc1190','ca374ac3-84eb-4b91-bea7-9005398f426f'),
('0a3fc162-2e5c-40a7-83dc-214837fa0890','19d5ef58-5cfc-41fe-894c-acd705dc1325','428ee70f-3001-4399-95a6-ad25eaaede16'),
('0a3fc162-2e5c-40a7-83dc-214837fa0890','65924ac6-9724-455b-ad30-906936291421','428ee70f-3001-4399-95a6-ad25eaaede16'),
('0a3fc162-2e5c-40a7-83dc-214837fa0890','9b30ffad-dfcb-44ce-bdca-0ea49239a21a','428ee70f-3001-4399-95a6-ad25eaaede16'),
('0a3fc162-2e5c-40a7-83dc-214837fa0890','55a9cf76-428d-4409-8a57-aaa523f3b631','428ee70f-3001-4399-95a6-ad25eaaede16'),
('0a3fc162-2e5c-40a7-83dc-214837fa0890','301ead30-30a4-4c7c-8296-2768abfb59b5','428ee70f-3001-4399-95a6-ad25eaaede16'),
('a6b7f544-97b9-48a7-82b7-85f27e344f73','8f438eb1-4f5c-4c23-9436-2ef784fb2426','ca374ac3-84eb-4b91-bea7-9005398f426f'),
('45a5f3df-0767-4c88-9cd7-db3b55ec1437','19d5ef58-5cfc-41fe-894c-acd705dc1325','428ee70f-3001-4399-95a6-ad25eaaede16'),
('45a5f3df-0767-4c88-9cd7-db3b55ec1437','65924ac6-9724-455b-ad30-906936291421','428ee70f-3001-4399-95a6-ad25eaaede16'),
('45a5f3df-0767-4c88-9cd7-db3b55ec1437','449a93d7-e705-4340-9936-c859644abd52','428ee70f-3001-4399-95a6-ad25eaaede16'),
('250ed9e5-0b4a-48ab-9e07-568ef02ecb41','42077326-ca07-40ea-af20-902249af844e','ca374ac3-84eb-4b91-bea7-9005398f426f'),
('250ed9e5-0b4a-48ab-9e07-568ef02ecb41','d45e5b8f-7ae3-4fed-8c6b-73959cfc1190','ca374ac3-84eb-4b91-bea7-9005398f426f'),
('5222a5fc-f8e1-42ba-a227-ae7c54c9d197','e7f199de-eee1-4f57-a8c9-69281ea6cd4d','428ee70f-3001-4399-95a6-ad25eaaede16'),
('5222a5fc-f8e1-42ba-a227-ae7c54c9d197','f6f70273-16a2-4dc7-aafc-9bc74215e713','428ee70f-3001-4399-95a6-ad25eaaede16'),
('5222a5fc-f8e1-42ba-a227-ae7c54c9d197','65924ac6-9724-455b-ad30-906936291421','428ee70f-3001-4399-95a6-ad25eaaede16'),
('5222a5fc-f8e1-42ba-a227-ae7c54c9d197','449a93d7-e705-4340-9936-c859644abd52','428ee70f-3001-4399-95a6-ad25eaaede16'),
('5222a5fc-f8e1-42ba-a227-ae7c54c9d197','55a9cf76-428d-4409-8a57-aaa523f3b631','428ee70f-3001-4399-95a6-ad25eaaede16'),
('5222a5fc-f8e1-42ba-a227-ae7c54c9d197','9b30ffad-dfcb-44ce-bdca-0ea49239a21a','428ee70f-3001-4399-95a6-ad25eaaede16'),
('5222a5fc-f8e1-42ba-a227-ae7c54c9d197','19d5ef58-5cfc-41fe-894c-acd705dc1325','428ee70f-3001-4399-95a6-ad25eaaede16'),
('5222a5fc-f8e1-42ba-a227-ae7c54c9d197','301ead30-30a4-4c7c-8296-2768abfb59b5','428ee70f-3001-4399-95a6-ad25eaaede16'),
('a854b579-a4bf-49cf-b0fe-2864f784f9e3','8f438eb1-4f5c-4c23-9436-2ef784fb2426','ca374ac3-84eb-4b91-bea7-9005398f426f'),
('a854b579-a4bf-49cf-b0fe-2864f784f9e3','0541193e-ba84-46e7-973f-82a9900d7521','ca374ac3-84eb-4b91-bea7-9005398f426f'),
('a854b579-a4bf-49cf-b0fe-2864f784f9e3','42077326-ca07-40ea-af20-902249af844e','ca374ac3-84eb-4b91-bea7-9005398f426f'),
('a854b579-a4bf-49cf-b0fe-2864f784f9e3','d45e5b8f-7ae3-4fed-8c6b-73959cfc1190','ca374ac3-84eb-4b91-bea7-9005398f426f'),
('ddc3c7a1-4c31-4172-a7ae-ad4bd878283f','8f438eb1-4f5c-4c23-9436-2ef784fb2426','ca374ac3-84eb-4b91-bea7-9005398f426f'),
('ddc3c7a1-4c31-4172-a7ae-ad4bd878283f','d45e5b8f-7ae3-4fed-8c6b-73959cfc1190','ca374ac3-84eb-4b91-bea7-9005398f426f'),
('ddc3c7a1-4c31-4172-a7ae-ad4bd878283f','0541193e-ba84-46e7-973f-82a9900d7521','ca374ac3-84eb-4b91-bea7-9005398f426f'),
('ddc3c7a1-4c31-4172-a7ae-ad4bd878283f','42077326-ca07-40ea-af20-902249af844e','ca374ac3-84eb-4b91-bea7-9005398f426f'),
('117fd1d1-879a-4b4a-8fa1-54388665ba13','8f438eb1-4f5c-4c23-9436-2ef784fb2426','ca374ac3-84eb-4b91-bea7-9005398f426f'),
('117fd1d1-879a-4b4a-8fa1-54388665ba13','d45e5b8f-7ae3-4fed-8c6b-73959cfc1190','ca374ac3-84eb-4b91-bea7-9005398f426f'),
('117fd1d1-879a-4b4a-8fa1-54388665ba13','0541193e-ba84-46e7-973f-82a9900d7521','ca374ac3-84eb-4b91-bea7-9005398f426f'),
('117fd1d1-879a-4b4a-8fa1-54388665ba13','42077326-ca07-40ea-af20-902249af844e','ca374ac3-84eb-4b91-bea7-9005398f426f'),
('aa28e999-8015-4534-ba61-68744014a753','0541193e-ba84-46e7-973f-82a9900d7521','ca374ac3-84eb-4b91-bea7-9005398f426f'),
('aa28e999-8015-4534-ba61-68744014a753','42077326-ca07-40ea-af20-902249af844e','ca374ac3-84eb-4b91-bea7-9005398f426f'),
('aa28e999-8015-4534-ba61-68744014a753','d45e5b8f-7ae3-4fed-8c6b-73959cfc1190','ca374ac3-84eb-4b91-bea7-9005398f426f'),
('d3bb5c16-4e8a-494e-96d0-891f7be6d167','d45e5b8f-7ae3-4fed-8c6b-73959cfc1190','ca374ac3-84eb-4b91-bea7-9005398f426f'),
('d3bb5c16-4e8a-494e-96d0-891f7be6d167','42077326-ca07-40ea-af20-902249af844e','ca374ac3-84eb-4b91-bea7-9005398f426f'),
('d3bb5c16-4e8a-494e-96d0-891f7be6d167','0541193e-ba84-46e7-973f-82a9900d7521','ca374ac3-84eb-4b91-bea7-9005398f426f'),
('d3bb5c16-4e8a-494e-96d0-891f7be6d167','8f438eb1-4f5c-4c23-9436-2ef784fb2426','ca374ac3-84eb-4b91-bea7-9005398f426f'),
('66c2586b-9d18-4e70-9535-791eb183f2a4','4fc163c9-f8fb-4cfd-b107-2cb13583ebf0','8221a81c-08b2-4262-9c1a-0ab3c82cec8c'),
('88b6257b-ab5e-460d-bb3e-11dd2d90e9aa','e7f199de-eee1-4f57-a8c9-69281ea6cd4d','428ee70f-3001-4399-95a6-ad25eaaede16'),
('469bf37f-b0e3-4a93-a32d-88166ed8c6b8','2b6e54d3-1cf7-4fc7-aae2-2f338085feda','8221a81c-08b2-4262-9c1a-0ab3c82cec8c'),
('469bf37f-b0e3-4a93-a32d-88166ed8c6b8','52a658f6-622b-491e-8085-cea58c9b015b','8221a81c-08b2-4262-9c1a-0ab3c82cec8c'),
('469bf37f-b0e3-4a93-a32d-88166ed8c6b8','ce7a55cc-d179-49d8-b7ab-6e8d93024ead','8221a81c-08b2-4262-9c1a-0ab3c82cec8c'),
('469bf37f-b0e3-4a93-a32d-88166ed8c6b8','4fc163c9-f8fb-4cfd-b107-2cb13583ebf0','8221a81c-08b2-4262-9c1a-0ab3c82cec8c'),
('469bf37f-b0e3-4a93-a32d-88166ed8c6b8','6277c89b-28ca-49bd-8411-bf3d461a96f2','8221a81c-08b2-4262-9c1a-0ab3c82cec8c'),
('469bf37f-b0e3-4a93-a32d-88166ed8c6b8','117832ca-f65e-4cce-9cdd-bdf666e740ea','8221a81c-08b2-4262-9c1a-0ab3c82cec8c'),
('50efecd2-6581-4ed7-afe1-e9aff90cacf2','8f438eb1-4f5c-4c23-9436-2ef784fb2426','ca374ac3-84eb-4b91-bea7-9005398f426f'),
('50efecd2-6581-4ed7-afe1-e9aff90cacf2','0541193e-ba84-46e7-973f-82a9900d7521','ca374ac3-84eb-4b91-bea7-9005398f426f'),
('2decd838-33db-4fd6-a196-554e25ddea5f','55a9cf76-428d-4409-8a57-aaa523f3b631','428ee70f-3001-4399-95a6-ad25eaaede16'),
('595ecb34-99dd-4ec5-820b-a327de7ec63b','8f438eb1-4f5c-4c23-9436-2ef784fb2426','ca374ac3-84eb-4b91-bea7-9005398f426f'),
('595ecb34-99dd-4ec5-820b-a327de7ec63b','0541193e-ba84-46e7-973f-82a9900d7521','ca374ac3-84eb-4b91-bea7-9005398f426f'),
('595ecb34-99dd-4ec5-820b-a327de7ec63b','42077326-ca07-40ea-af20-902249af844e','ca374ac3-84eb-4b91-bea7-9005398f426f'),
('392a2fd5-6a24-4f0f-a158-8d149f29fc87','42077326-ca07-40ea-af20-902249af844e','ca374ac3-84eb-4b91-bea7-9005398f426f'),
('24063fd1-78e3-4400-98e3-312ce383d676','52a658f6-622b-491e-8085-cea58c9b015b','8221a81c-08b2-4262-9c1a-0ab3c82cec8c'),
('24063fd1-78e3-4400-98e3-312ce383d676','4fc163c9-f8fb-4cfd-b107-2cb13583ebf0','8221a81c-08b2-4262-9c1a-0ab3c82cec8c'),
('24063fd1-78e3-4400-98e3-312ce383d676','2b6e54d3-1cf7-4fc7-aae2-2f338085feda','8221a81c-08b2-4262-9c1a-0ab3c82cec8c'),
('24063fd1-78e3-4400-98e3-312ce383d676','ce7a55cc-d179-49d8-b7ab-6e8d93024ead','8221a81c-08b2-4262-9c1a-0ab3c82cec8c'),
('24063fd1-78e3-4400-98e3-312ce383d676','117832ca-f65e-4cce-9cdd-bdf666e740ea','8221a81c-08b2-4262-9c1a-0ab3c82cec8c'),
('24063fd1-78e3-4400-98e3-312ce383d676','6277c89b-28ca-49bd-8411-bf3d461a96f2','8221a81c-08b2-4262-9c1a-0ab3c82cec8c'),
('2e4c7b3b-86b2-4186-a377-64103b5e1c11','55a9cf76-428d-4409-8a57-aaa523f3b631','428ee70f-3001-4399-95a6-ad25eaaede16'),
('2e4c7b3b-86b2-4186-a377-64103b5e1c11','19d5ef58-5cfc-41fe-894c-acd705dc1325','428ee70f-3001-4399-95a6-ad25eaaede16'),
('9319431c-d919-4c3d-92cc-8161695977e0','65924ac6-9724-455b-ad30-906936291421','428ee70f-3001-4399-95a6-ad25eaaede16'),
('9319431c-d919-4c3d-92cc-8161695977e0','55a9cf76-428d-4409-8a57-aaa523f3b631','428ee70f-3001-4399-95a6-ad25eaaede16'),
('9319431c-d919-4c3d-92cc-8161695977e0','19d5ef58-5cfc-41fe-894c-acd705dc1325','428ee70f-3001-4399-95a6-ad25eaaede16'),
('9319431c-d919-4c3d-92cc-8161695977e0','301ead30-30a4-4c7c-8296-2768abfb59b5','428ee70f-3001-4399-95a6-ad25eaaede16'),
('9319431c-d919-4c3d-92cc-8161695977e0','e7f199de-eee1-4f57-a8c9-69281ea6cd4d','428ee70f-3001-4399-95a6-ad25eaaede16'),
('2ac053f2-554d-4d38-95e3-cbe7d105a43e','449a93d7-e705-4340-9936-c859644abd52','428ee70f-3001-4399-95a6-ad25eaaede16'),
('5acc085d-2f70-4467-b513-f1b6d22e84d3','2b6e54d3-1cf7-4fc7-aae2-2f338085feda','8221a81c-08b2-4262-9c1a-0ab3c82cec8c'),
('5acc085d-2f70-4467-b513-f1b6d22e84d3','6277c89b-28ca-49bd-8411-bf3d461a96f2','8221a81c-08b2-4262-9c1a-0ab3c82cec8c'),
('5acc085d-2f70-4467-b513-f1b6d22e84d3','117832ca-f65e-4cce-9cdd-bdf666e740ea','8221a81c-08b2-4262-9c1a-0ab3c82cec8c'),
('0b4c5352-7b89-491b-ac77-3214e036a357','55a9cf76-428d-4409-8a57-aaa523f3b631','428ee70f-3001-4399-95a6-ad25eaaede16'),
('0b4c5352-7b89-491b-ac77-3214e036a357','301ead30-30a4-4c7c-8296-2768abfb59b5','428ee70f-3001-4399-95a6-ad25eaaede16'),
('8c9e5706-2d61-4c9e-897c-4f879b5d8819','301ead30-30a4-4c7c-8296-2768abfb59b5','428ee70f-3001-4399-95a6-ad25eaaede16'),
('8c9e5706-2d61-4c9e-897c-4f879b5d8819','65924ac6-9724-455b-ad30-906936291421','428ee70f-3001-4399-95a6-ad25eaaede16'),
('8c9e5706-2d61-4c9e-897c-4f879b5d8819','e7f199de-eee1-4f57-a8c9-69281ea6cd4d','428ee70f-3001-4399-95a6-ad25eaaede16'),
('8c9e5706-2d61-4c9e-897c-4f879b5d8819','f6f70273-16a2-4dc7-aafc-9bc74215e713','428ee70f-3001-4399-95a6-ad25eaaede16'),
('23a75186-1c4d-42b9-8877-d655a40daf19','d45e5b8f-7ae3-4fed-8c6b-73959cfc1190','ca374ac3-84eb-4b91-bea7-9005398f426f'),
('23a75186-1c4d-42b9-8877-d655a40daf19','8f438eb1-4f5c-4c23-9436-2ef784fb2426','ca374ac3-84eb-4b91-bea7-9005398f426f'),
('23a75186-1c4d-42b9-8877-d655a40daf19','0541193e-ba84-46e7-973f-82a9900d7521','ca374ac3-84eb-4b91-bea7-9005398f426f'),
('d8db6ff8-e2e2-4786-ac4f-2f92d5cc45ad','117832ca-f65e-4cce-9cdd-bdf666e740ea','8221a81c-08b2-4262-9c1a-0ab3c82cec8c'),
('d8db6ff8-e2e2-4786-ac4f-2f92d5cc45ad','4fc163c9-f8fb-4cfd-b107-2cb13583ebf0','8221a81c-08b2-4262-9c1a-0ab3c82cec8c'),
('d8db6ff8-e2e2-4786-ac4f-2f92d5cc45ad','6277c89b-28ca-49bd-8411-bf3d461a96f2','8221a81c-08b2-4262-9c1a-0ab3c82cec8c'),
('8980a885-79a8-4336-bdfc-244c09215222','52a658f6-622b-491e-8085-cea58c9b015b','8221a81c-08b2-4262-9c1a-0ab3c82cec8c'),
('5d9de070-541f-4197-853b-3ece16b29f43','4fc163c9-f8fb-4cfd-b107-2cb13583ebf0','8221a81c-08b2-4262-9c1a-0ab3c82cec8c'),
('5d9de070-541f-4197-853b-3ece16b29f43','2b6e54d3-1cf7-4fc7-aae2-2f338085feda','8221a81c-08b2-4262-9c1a-0ab3c82cec8c'),
('5d9de070-541f-4197-853b-3ece16b29f43','6277c89b-28ca-49bd-8411-bf3d461a96f2','8221a81c-08b2-4262-9c1a-0ab3c82cec8c'),
('5d9de070-541f-4197-853b-3ece16b29f43','52a658f6-622b-491e-8085-cea58c9b015b','8221a81c-08b2-4262-9c1a-0ab3c82cec8c'),
('32800bfe-6194-479f-900f-89908bdf5f4b','9b30ffad-dfcb-44ce-bdca-0ea49239a21a','428ee70f-3001-4399-95a6-ad25eaaede16'),
('32800bfe-6194-479f-900f-89908bdf5f4b','301ead30-30a4-4c7c-8296-2768abfb59b5','428ee70f-3001-4399-95a6-ad25eaaede16'),
('32800bfe-6194-479f-900f-89908bdf5f4b','e7f199de-eee1-4f57-a8c9-69281ea6cd4d','428ee70f-3001-4399-95a6-ad25eaaede16'),
('32800bfe-6194-479f-900f-89908bdf5f4b','449a93d7-e705-4340-9936-c859644abd52','428ee70f-3001-4399-95a6-ad25eaaede16'),
('64bd5b08-10c8-4799-8e5e-2f414c83f0ae','42077326-ca07-40ea-af20-902249af844e','ca374ac3-84eb-4b91-bea7-9005398f426f'),
('64bd5b08-10c8-4799-8e5e-2f414c83f0ae','0541193e-ba84-46e7-973f-82a9900d7521','ca374ac3-84eb-4b91-bea7-9005398f426f'),
('64bd5b08-10c8-4799-8e5e-2f414c83f0ae','8f438eb1-4f5c-4c23-9436-2ef784fb2426','ca374ac3-84eb-4b91-bea7-9005398f426f'),
('64bd5b08-10c8-4799-8e5e-2f414c83f0ae','d45e5b8f-7ae3-4fed-8c6b-73959cfc1190','ca374ac3-84eb-4b91-bea7-9005398f426f'),
('773aea62-e36a-448b-ace0-e9a2cabcd85c','6277c89b-28ca-49bd-8411-bf3d461a96f2','8221a81c-08b2-4262-9c1a-0ab3c82cec8c'),
('773aea62-e36a-448b-ace0-e9a2cabcd85c','4fc163c9-f8fb-4cfd-b107-2cb13583ebf0','8221a81c-08b2-4262-9c1a-0ab3c82cec8c'),
('773aea62-e36a-448b-ace0-e9a2cabcd85c','117832ca-f65e-4cce-9cdd-bdf666e740ea','8221a81c-08b2-4262-9c1a-0ab3c82cec8c'),
('773aea62-e36a-448b-ace0-e9a2cabcd85c','ce7a55cc-d179-49d8-b7ab-6e8d93024ead','8221a81c-08b2-4262-9c1a-0ab3c82cec8c'),
('773aea62-e36a-448b-ace0-e9a2cabcd85c','52a658f6-622b-491e-8085-cea58c9b015b','8221a81c-08b2-4262-9c1a-0ab3c82cec8c'),
('773aea62-e36a-448b-ace0-e9a2cabcd85c','2b6e54d3-1cf7-4fc7-aae2-2f338085feda','8221a81c-08b2-4262-9c1a-0ab3c82cec8c'),
('c37f5538-25c5-4301-8af4-a52be45ba1e4','0541193e-ba84-46e7-973f-82a9900d7521','ca374ac3-84eb-4b91-bea7-9005398f426f'),
('c37f5538-25c5-4301-8af4-a52be45ba1e4','8f438eb1-4f5c-4c23-9436-2ef784fb2426','ca374ac3-84eb-4b91-bea7-9005398f426f'),
('c37f5538-25c5-4301-8af4-a52be45ba1e4','42077326-ca07-40ea-af20-902249af844e','ca374ac3-84eb-4b91-bea7-9005398f426f'),
('c37f5538-25c5-4301-8af4-a52be45ba1e4','d45e5b8f-7ae3-4fed-8c6b-73959cfc1190','ca374ac3-84eb-4b91-bea7-9005398f426f'),
('a2cfa6ab-8d77-460c-9f68-ab71bc5597d7','f6f70273-16a2-4dc7-aafc-9bc74215e713','428ee70f-3001-4399-95a6-ad25eaaede16'),
('a2cfa6ab-8d77-460c-9f68-ab71bc5597d7','55a9cf76-428d-4409-8a57-aaa523f3b631','428ee70f-3001-4399-95a6-ad25eaaede16'),
('a2cfa6ab-8d77-460c-9f68-ab71bc5597d7','9b30ffad-dfcb-44ce-bdca-0ea49239a21a','428ee70f-3001-4399-95a6-ad25eaaede16'),
('4a706752-a5eb-40c8-b456-099a3d3871f1','ce7a55cc-d179-49d8-b7ab-6e8d93024ead','8221a81c-08b2-4262-9c1a-0ab3c82cec8c'),
('4a706752-a5eb-40c8-b456-099a3d3871f1','117832ca-f65e-4cce-9cdd-bdf666e740ea','8221a81c-08b2-4262-9c1a-0ab3c82cec8c'),
('4a706752-a5eb-40c8-b456-099a3d3871f1','6277c89b-28ca-49bd-8411-bf3d461a96f2','8221a81c-08b2-4262-9c1a-0ab3c82cec8c'),
('4a706752-a5eb-40c8-b456-099a3d3871f1','4fc163c9-f8fb-4cfd-b107-2cb13583ebf0','8221a81c-08b2-4262-9c1a-0ab3c82cec8c'),
('ea4f4b02-17bc-4826-ab41-514b79cb3d6a','8f438eb1-4f5c-4c23-9436-2ef784fb2426','ca374ac3-84eb-4b91-bea7-9005398f426f'),
('6ccbf234-bb2e-4c76-ac14-1c8d4c11b1a3','117832ca-f65e-4cce-9cdd-bdf666e740ea','8221a81c-08b2-4262-9c1a-0ab3c82cec8c'),
('6ccbf234-bb2e-4c76-ac14-1c8d4c11b1a3','2b6e54d3-1cf7-4fc7-aae2-2f338085feda','8221a81c-08b2-4262-9c1a-0ab3c82cec8c'),
('6ccbf234-bb2e-4c76-ac14-1c8d4c11b1a3','4fc163c9-f8fb-4cfd-b107-2cb13583ebf0','8221a81c-08b2-4262-9c1a-0ab3c82cec8c'),
('5bfabcb0-525c-4e48-a465-0e577a0976cd','8f438eb1-4f5c-4c23-9436-2ef784fb2426','ca374ac3-84eb-4b91-bea7-9005398f426f'),
('5bfabcb0-525c-4e48-a465-0e577a0976cd','d45e5b8f-7ae3-4fed-8c6b-73959cfc1190','ca374ac3-84eb-4b91-bea7-9005398f426f'),
('5bfabcb0-525c-4e48-a465-0e577a0976cd','42077326-ca07-40ea-af20-902249af844e','ca374ac3-84eb-4b91-bea7-9005398f426f'),
('5bfabcb0-525c-4e48-a465-0e577a0976cd','0541193e-ba84-46e7-973f-82a9900d7521','ca374ac3-84eb-4b91-bea7-9005398f426f'),
('6e1f832f-dd8c-40e6-84fa-a53e65e4c847','6277c89b-28ca-49bd-8411-bf3d461a96f2','8221a81c-08b2-4262-9c1a-0ab3c82cec8c'),
('e198f3b0-6632-4c27-a0d8-67fd34452e80','d45e5b8f-7ae3-4fed-8c6b-73959cfc1190','ca374ac3-84eb-4b91-bea7-9005398f426f'),
('e198f3b0-6632-4c27-a0d8-67fd34452e80','42077326-ca07-40ea-af20-902249af844e','ca374ac3-84eb-4b91-bea7-9005398f426f'),
('e198f3b0-6632-4c27-a0d8-67fd34452e80','0541193e-ba84-46e7-973f-82a9900d7521','ca374ac3-84eb-4b91-bea7-9005398f426f'),
('e198f3b0-6632-4c27-a0d8-67fd34452e80','8f438eb1-4f5c-4c23-9436-2ef784fb2426','ca374ac3-84eb-4b91-bea7-9005398f426f'),
('2103c4c4-5fc3-4805-9849-bc76f00ccb37','d45e5b8f-7ae3-4fed-8c6b-73959cfc1190','ca374ac3-84eb-4b91-bea7-9005398f426f'),
('2103c4c4-5fc3-4805-9849-bc76f00ccb37','0541193e-ba84-46e7-973f-82a9900d7521','ca374ac3-84eb-4b91-bea7-9005398f426f'),
('2103c4c4-5fc3-4805-9849-bc76f00ccb37','8f438eb1-4f5c-4c23-9436-2ef784fb2426','ca374ac3-84eb-4b91-bea7-9005398f426f'),
('f524213e-e9e3-4dea-8bce-d559afc0a0b2','0541193e-ba84-46e7-973f-82a9900d7521','ca374ac3-84eb-4b91-bea7-9005398f426f'),
('f524213e-e9e3-4dea-8bce-d559afc0a0b2','d45e5b8f-7ae3-4fed-8c6b-73959cfc1190','ca374ac3-84eb-4b91-bea7-9005398f426f'),
('f524213e-e9e3-4dea-8bce-d559afc0a0b2','8f438eb1-4f5c-4c23-9436-2ef784fb2426','ca374ac3-84eb-4b91-bea7-9005398f426f'),
('f524213e-e9e3-4dea-8bce-d559afc0a0b2','42077326-ca07-40ea-af20-902249af844e','ca374ac3-84eb-4b91-bea7-9005398f426f'),
('4c1f5204-1109-479f-b5f5-364269019289','6277c89b-28ca-49bd-8411-bf3d461a96f2','8221a81c-08b2-4262-9c1a-0ab3c82cec8c'),
('4c1f5204-1109-479f-b5f5-364269019289','52a658f6-622b-491e-8085-cea58c9b015b','8221a81c-08b2-4262-9c1a-0ab3c82cec8c'),
('4705cfab-8874-41e4-985f-91e66445412d','301ead30-30a4-4c7c-8296-2768abfb59b5','428ee70f-3001-4399-95a6-ad25eaaede16'),
('4705cfab-8874-41e4-985f-91e66445412d','e7f199de-eee1-4f57-a8c9-69281ea6cd4d','428ee70f-3001-4399-95a6-ad25eaaede16'),
('4705cfab-8874-41e4-985f-91e66445412d','9b30ffad-dfcb-44ce-bdca-0ea49239a21a','428ee70f-3001-4399-95a6-ad25eaaede16'),
('4705cfab-8874-41e4-985f-91e66445412d','449a93d7-e705-4340-9936-c859644abd52','428ee70f-3001-4399-95a6-ad25eaaede16'),
('4705cfab-8874-41e4-985f-91e66445412d','55a9cf76-428d-4409-8a57-aaa523f3b631','428ee70f-3001-4399-95a6-ad25eaaede16'),
('4705cfab-8874-41e4-985f-91e66445412d','19d5ef58-5cfc-41fe-894c-acd705dc1325','428ee70f-3001-4399-95a6-ad25eaaede16'),
('33068256-0dc0-43b3-b530-d4bcc95e3e71','d45e5b8f-7ae3-4fed-8c6b-73959cfc1190','ca374ac3-84eb-4b91-bea7-9005398f426f'),
('33068256-0dc0-43b3-b530-d4bcc95e3e71','0541193e-ba84-46e7-973f-82a9900d7521','ca374ac3-84eb-4b91-bea7-9005398f426f'),
('33068256-0dc0-43b3-b530-d4bcc95e3e71','42077326-ca07-40ea-af20-902249af844e','ca374ac3-84eb-4b91-bea7-9005398f426f'),
('adc2ec73-fe58-48ab-90b8-5f2d2000c545','42077326-ca07-40ea-af20-902249af844e','ca374ac3-84eb-4b91-bea7-9005398f426f'),
('adc2ec73-fe58-48ab-90b8-5f2d2000c545','d45e5b8f-7ae3-4fed-8c6b-73959cfc1190','ca374ac3-84eb-4b91-bea7-9005398f426f'),
('1b7f91c0-1efb-4ca8-9c16-74c902be6215','65924ac6-9724-455b-ad30-906936291421','428ee70f-3001-4399-95a6-ad25eaaede16'),
('1b7f91c0-1efb-4ca8-9c16-74c902be6215','449a93d7-e705-4340-9936-c859644abd52','428ee70f-3001-4399-95a6-ad25eaaede16'),
('1b7f91c0-1efb-4ca8-9c16-74c902be6215','e7f199de-eee1-4f57-a8c9-69281ea6cd4d','428ee70f-3001-4399-95a6-ad25eaaede16'),
('1b7f91c0-1efb-4ca8-9c16-74c902be6215','55a9cf76-428d-4409-8a57-aaa523f3b631','428ee70f-3001-4399-95a6-ad25eaaede16'),
('1b7f91c0-1efb-4ca8-9c16-74c902be6215','301ead30-30a4-4c7c-8296-2768abfb59b5','428ee70f-3001-4399-95a6-ad25eaaede16'),
('d937981f-8cf4-42f6-9213-b7da3b5fd230','4fc163c9-f8fb-4cfd-b107-2cb13583ebf0','8221a81c-08b2-4262-9c1a-0ab3c82cec8c'),
('d937981f-8cf4-42f6-9213-b7da3b5fd230','2b6e54d3-1cf7-4fc7-aae2-2f338085feda','8221a81c-08b2-4262-9c1a-0ab3c82cec8c'),
('d937981f-8cf4-42f6-9213-b7da3b5fd230','52a658f6-622b-491e-8085-cea58c9b015b','8221a81c-08b2-4262-9c1a-0ab3c82cec8c'),
('59b41fdc-50a2-4b7e-86ee-a3d689a3127a','d45e5b8f-7ae3-4fed-8c6b-73959cfc1190','ca374ac3-84eb-4b91-bea7-9005398f426f'),
('59b41fdc-50a2-4b7e-86ee-a3d689a3127a','42077326-ca07-40ea-af20-902249af844e','ca374ac3-84eb-4b91-bea7-9005398f426f'),
('660e631b-95cf-417c-bbf9-19746d3ed8e1','d45e5b8f-7ae3-4fed-8c6b-73959cfc1190','ca374ac3-84eb-4b91-bea7-9005398f426f'),
('4ee2e967-c947-44f9-b1cf-798962655e68','9b30ffad-dfcb-44ce-bdca-0ea49239a21a','428ee70f-3001-4399-95a6-ad25eaaede16'),
('4ee2e967-c947-44f9-b1cf-798962655e68','55a9cf76-428d-4409-8a57-aaa523f3b631','428ee70f-3001-4399-95a6-ad25eaaede16'),
('4ee2e967-c947-44f9-b1cf-798962655e68','65924ac6-9724-455b-ad30-906936291421','428ee70f-3001-4399-95a6-ad25eaaede16'),
('aed87176-98d1-47b4-9f79-1c4dd8588c78','2b6e54d3-1cf7-4fc7-aae2-2f338085feda','8221a81c-08b2-4262-9c1a-0ab3c82cec8c'),
('aed87176-98d1-47b4-9f79-1c4dd8588c78','117832ca-f65e-4cce-9cdd-bdf666e740ea','8221a81c-08b2-4262-9c1a-0ab3c82cec8c'),
('aed87176-98d1-47b4-9f79-1c4dd8588c78','ce7a55cc-d179-49d8-b7ab-6e8d93024ead','8221a81c-08b2-4262-9c1a-0ab3c82cec8c'),
('aed87176-98d1-47b4-9f79-1c4dd8588c78','6277c89b-28ca-49bd-8411-bf3d461a96f2','8221a81c-08b2-4262-9c1a-0ab3c82cec8c'),
('593a1da9-b733-437e-b5a9-23a7a0140dc8','42077326-ca07-40ea-af20-902249af844e','ca374ac3-84eb-4b91-bea7-9005398f426f'),
('92e08ae5-0d09-426d-b215-5c28ef256247','449a93d7-e705-4340-9936-c859644abd52','428ee70f-3001-4399-95a6-ad25eaaede16'),
('92e08ae5-0d09-426d-b215-5c28ef256247','55a9cf76-428d-4409-8a57-aaa523f3b631','428ee70f-3001-4399-95a6-ad25eaaede16'),
('92e08ae5-0d09-426d-b215-5c28ef256247','301ead30-30a4-4c7c-8296-2768abfb59b5','428ee70f-3001-4399-95a6-ad25eaaede16'),
('92e08ae5-0d09-426d-b215-5c28ef256247','19d5ef58-5cfc-41fe-894c-acd705dc1325','428ee70f-3001-4399-95a6-ad25eaaede16'),
('92e08ae5-0d09-426d-b215-5c28ef256247','e7f199de-eee1-4f57-a8c9-69281ea6cd4d','428ee70f-3001-4399-95a6-ad25eaaede16'),
('92e08ae5-0d09-426d-b215-5c28ef256247','f6f70273-16a2-4dc7-aafc-9bc74215e713','428ee70f-3001-4399-95a6-ad25eaaede16'),
('dbb16707-6cfc-48b3-9211-a12c3485969e','55a9cf76-428d-4409-8a57-aaa523f3b631','428ee70f-3001-4399-95a6-ad25eaaede16'),
('dbb16707-6cfc-48b3-9211-a12c3485969e','e7f199de-eee1-4f57-a8c9-69281ea6cd4d','428ee70f-3001-4399-95a6-ad25eaaede16'),
('dbb16707-6cfc-48b3-9211-a12c3485969e','65924ac6-9724-455b-ad30-906936291421','428ee70f-3001-4399-95a6-ad25eaaede16'),
('dbb16707-6cfc-48b3-9211-a12c3485969e','9b30ffad-dfcb-44ce-bdca-0ea49239a21a','428ee70f-3001-4399-95a6-ad25eaaede16'),
('dbb16707-6cfc-48b3-9211-a12c3485969e','f6f70273-16a2-4dc7-aafc-9bc74215e713','428ee70f-3001-4399-95a6-ad25eaaede16'),
('c08587a7-211f-457f-8e4f-be491b334133','19d5ef58-5cfc-41fe-894c-acd705dc1325','428ee70f-3001-4399-95a6-ad25eaaede16'),
('2a835b67-def9-4fb1-8b56-56eca6cea700','4fc163c9-f8fb-4cfd-b107-2cb13583ebf0','8221a81c-08b2-4262-9c1a-0ab3c82cec8c'),
('2a835b67-def9-4fb1-8b56-56eca6cea700','2b6e54d3-1cf7-4fc7-aae2-2f338085feda','8221a81c-08b2-4262-9c1a-0ab3c82cec8c'),
('2a835b67-def9-4fb1-8b56-56eca6cea700','6277c89b-28ca-49bd-8411-bf3d461a96f2','8221a81c-08b2-4262-9c1a-0ab3c82cec8c'),
('78e2bb62-7873-443c-b41d-22fb3124fc7f','6277c89b-28ca-49bd-8411-bf3d461a96f2','8221a81c-08b2-4262-9c1a-0ab3c82cec8c'),
('78e2bb62-7873-443c-b41d-22fb3124fc7f','52a658f6-622b-491e-8085-cea58c9b015b','8221a81c-08b2-4262-9c1a-0ab3c82cec8c'),
('b1c34473-cec5-4d5f-b6b2-79996a1214d2','2b6e54d3-1cf7-4fc7-aae2-2f338085feda','8221a81c-08b2-4262-9c1a-0ab3c82cec8c'),
('b1c34473-cec5-4d5f-b6b2-79996a1214d2','4fc163c9-f8fb-4cfd-b107-2cb13583ebf0','8221a81c-08b2-4262-9c1a-0ab3c82cec8c'),
('b1c34473-cec5-4d5f-b6b2-79996a1214d2','6277c89b-28ca-49bd-8411-bf3d461a96f2','8221a81c-08b2-4262-9c1a-0ab3c82cec8c'),
('b1c34473-cec5-4d5f-b6b2-79996a1214d2','ce7a55cc-d179-49d8-b7ab-6e8d93024ead','8221a81c-08b2-4262-9c1a-0ab3c82cec8c'),
('b1c34473-cec5-4d5f-b6b2-79996a1214d2','117832ca-f65e-4cce-9cdd-bdf666e740ea','8221a81c-08b2-4262-9c1a-0ab3c82cec8c'),
('b1c34473-cec5-4d5f-b6b2-79996a1214d2','52a658f6-622b-491e-8085-cea58c9b015b','8221a81c-08b2-4262-9c1a-0ab3c82cec8c'),
('90525086-0aa3-486a-8d2e-10fa984f7449','ce7a55cc-d179-49d8-b7ab-6e8d93024ead','8221a81c-08b2-4262-9c1a-0ab3c82cec8c'),
('747065e1-19b3-47df-97e1-d4491003ea6c','d45e5b8f-7ae3-4fed-8c6b-73959cfc1190','ca374ac3-84eb-4b91-bea7-9005398f426f'),
('b114a922-a9cf-414e-ba21-7f8bd4952d75','0541193e-ba84-46e7-973f-82a9900d7521','ca374ac3-84eb-4b91-bea7-9005398f426f'),
('adbfc977-56de-4504-a6f5-4d9508e54562','8f438eb1-4f5c-4c23-9436-2ef784fb2426','ca374ac3-84eb-4b91-bea7-9005398f426f'),
('adbfc977-56de-4504-a6f5-4d9508e54562','d45e5b8f-7ae3-4fed-8c6b-73959cfc1190','ca374ac3-84eb-4b91-bea7-9005398f426f'),
('adbfc977-56de-4504-a6f5-4d9508e54562','42077326-ca07-40ea-af20-902249af844e','ca374ac3-84eb-4b91-bea7-9005398f426f'),
('adbfc977-56de-4504-a6f5-4d9508e54562','0541193e-ba84-46e7-973f-82a9900d7521','ca374ac3-84eb-4b91-bea7-9005398f426f'),
('d4786009-64e8-4cf3-ba43-8f19b8cca108','8f438eb1-4f5c-4c23-9436-2ef784fb2426','ca374ac3-84eb-4b91-bea7-9005398f426f'),
('b92cfad0-858e-4cef-a05a-4085522d4dce','4fc163c9-f8fb-4cfd-b107-2cb13583ebf0','8221a81c-08b2-4262-9c1a-0ab3c82cec8c'),
('d601268e-d2ab-4f0c-af8d-084ded11fd89','d45e5b8f-7ae3-4fed-8c6b-73959cfc1190','ca374ac3-84eb-4b91-bea7-9005398f426f'),
('d601268e-d2ab-4f0c-af8d-084ded11fd89','42077326-ca07-40ea-af20-902249af844e','ca374ac3-84eb-4b91-bea7-9005398f426f'),
('d601268e-d2ab-4f0c-af8d-084ded11fd89','0541193e-ba84-46e7-973f-82a9900d7521','ca374ac3-84eb-4b91-bea7-9005398f426f'),
('ca9fc390-f02b-4010-a586-b494fde91407','65924ac6-9724-455b-ad30-906936291421','428ee70f-3001-4399-95a6-ad25eaaede16'),
('ce4983c7-199f-47fb-8fcd-f36b28239b4d','4fc163c9-f8fb-4cfd-b107-2cb13583ebf0','8221a81c-08b2-4262-9c1a-0ab3c82cec8c'),
('ce4983c7-199f-47fb-8fcd-f36b28239b4d','ce7a55cc-d179-49d8-b7ab-6e8d93024ead','8221a81c-08b2-4262-9c1a-0ab3c82cec8c'),
('ce4983c7-199f-47fb-8fcd-f36b28239b4d','2b6e54d3-1cf7-4fc7-aae2-2f338085feda','8221a81c-08b2-4262-9c1a-0ab3c82cec8c'),
('ce4983c7-199f-47fb-8fcd-f36b28239b4d','6277c89b-28ca-49bd-8411-bf3d461a96f2','8221a81c-08b2-4262-9c1a-0ab3c82cec8c'),
('ce4983c7-199f-47fb-8fcd-f36b28239b4d','117832ca-f65e-4cce-9cdd-bdf666e740ea','8221a81c-08b2-4262-9c1a-0ab3c82cec8c'),
('0258f5cc-dc84-4038-ad12-72b895476023','6277c89b-28ca-49bd-8411-bf3d461a96f2','8221a81c-08b2-4262-9c1a-0ab3c82cec8c'),
('b3629d6a-10ba-462f-87e1-114ad799ed11','8f438eb1-4f5c-4c23-9436-2ef784fb2426','ca374ac3-84eb-4b91-bea7-9005398f426f'),
('6cd4f822-baa4-494e-a2ac-a53a5221712e','d45e5b8f-7ae3-4fed-8c6b-73959cfc1190','ca374ac3-84eb-4b91-bea7-9005398f426f'),
('18b6e782-1cb2-450b-88cc-6fe18235f25f','65924ac6-9724-455b-ad30-906936291421','428ee70f-3001-4399-95a6-ad25eaaede16'),
('18b6e782-1cb2-450b-88cc-6fe18235f25f','301ead30-30a4-4c7c-8296-2768abfb59b5','428ee70f-3001-4399-95a6-ad25eaaede16'),
('18b6e782-1cb2-450b-88cc-6fe18235f25f','9b30ffad-dfcb-44ce-bdca-0ea49239a21a','428ee70f-3001-4399-95a6-ad25eaaede16'),
('18b6e782-1cb2-450b-88cc-6fe18235f25f','e7f199de-eee1-4f57-a8c9-69281ea6cd4d','428ee70f-3001-4399-95a6-ad25eaaede16'),
('18b6e782-1cb2-450b-88cc-6fe18235f25f','449a93d7-e705-4340-9936-c859644abd52','428ee70f-3001-4399-95a6-ad25eaaede16'),
('18b6e782-1cb2-450b-88cc-6fe18235f25f','f6f70273-16a2-4dc7-aafc-9bc74215e713','428ee70f-3001-4399-95a6-ad25eaaede16'),
('18b6e782-1cb2-450b-88cc-6fe18235f25f','55a9cf76-428d-4409-8a57-aaa523f3b631','428ee70f-3001-4399-95a6-ad25eaaede16'),
('d4f34d0d-057f-4d7d-840a-ca31a44ef4b8','8f438eb1-4f5c-4c23-9436-2ef784fb2426','ca374ac3-84eb-4b91-bea7-9005398f426f'),
('c16462cb-7c84-489f-9300-9064c6c5ea1a','0541193e-ba84-46e7-973f-82a9900d7521','ca374ac3-84eb-4b91-bea7-9005398f426f'),
('c16462cb-7c84-489f-9300-9064c6c5ea1a','42077326-ca07-40ea-af20-902249af844e','ca374ac3-84eb-4b91-bea7-9005398f426f'),
('c16462cb-7c84-489f-9300-9064c6c5ea1a','8f438eb1-4f5c-4c23-9436-2ef784fb2426','ca374ac3-84eb-4b91-bea7-9005398f426f'),
('52535e16-08b8-470c-8e65-77ba769502eb','52a658f6-622b-491e-8085-cea58c9b015b','8221a81c-08b2-4262-9c1a-0ab3c82cec8c'),
('52535e16-08b8-470c-8e65-77ba769502eb','6277c89b-28ca-49bd-8411-bf3d461a96f2','8221a81c-08b2-4262-9c1a-0ab3c82cec8c'),
('52535e16-08b8-470c-8e65-77ba769502eb','2b6e54d3-1cf7-4fc7-aae2-2f338085feda','8221a81c-08b2-4262-9c1a-0ab3c82cec8c'),
('52535e16-08b8-470c-8e65-77ba769502eb','4fc163c9-f8fb-4cfd-b107-2cb13583ebf0','8221a81c-08b2-4262-9c1a-0ab3c82cec8c'),
('52535e16-08b8-470c-8e65-77ba769502eb','117832ca-f65e-4cce-9cdd-bdf666e740ea','8221a81c-08b2-4262-9c1a-0ab3c82cec8c'),
('52535e16-08b8-470c-8e65-77ba769502eb','ce7a55cc-d179-49d8-b7ab-6e8d93024ead','8221a81c-08b2-4262-9c1a-0ab3c82cec8c'),
('9afc12ea-6787-4874-9d1d-4645f56aa1bf','8f438eb1-4f5c-4c23-9436-2ef784fb2426','ca374ac3-84eb-4b91-bea7-9005398f426f'),
('15c8c06a-afd2-4b96-be60-55572f3a0290','6277c89b-28ca-49bd-8411-bf3d461a96f2','8221a81c-08b2-4262-9c1a-0ab3c82cec8c'),
('0fe601d3-026c-4a8d-86da-0c58d09f4166','449a93d7-e705-4340-9936-c859644abd52','428ee70f-3001-4399-95a6-ad25eaaede16'),
('0fe601d3-026c-4a8d-86da-0c58d09f4166','9b30ffad-dfcb-44ce-bdca-0ea49239a21a','428ee70f-3001-4399-95a6-ad25eaaede16'),
('0fe601d3-026c-4a8d-86da-0c58d09f4166','f6f70273-16a2-4dc7-aafc-9bc74215e713','428ee70f-3001-4399-95a6-ad25eaaede16'),
('0fe601d3-026c-4a8d-86da-0c58d09f4166','e7f199de-eee1-4f57-a8c9-69281ea6cd4d','428ee70f-3001-4399-95a6-ad25eaaede16'),
('ed994b23-2a1e-4370-b7fd-35b086c6178f','55a9cf76-428d-4409-8a57-aaa523f3b631','428ee70f-3001-4399-95a6-ad25eaaede16'),
('ed994b23-2a1e-4370-b7fd-35b086c6178f','f6f70273-16a2-4dc7-aafc-9bc74215e713','428ee70f-3001-4399-95a6-ad25eaaede16'),
('ed994b23-2a1e-4370-b7fd-35b086c6178f','301ead30-30a4-4c7c-8296-2768abfb59b5','428ee70f-3001-4399-95a6-ad25eaaede16'),
('ed994b23-2a1e-4370-b7fd-35b086c6178f','9b30ffad-dfcb-44ce-bdca-0ea49239a21a','428ee70f-3001-4399-95a6-ad25eaaede16'),
('ed994b23-2a1e-4370-b7fd-35b086c6178f','449a93d7-e705-4340-9936-c859644abd52','428ee70f-3001-4399-95a6-ad25eaaede16'),
('ed994b23-2a1e-4370-b7fd-35b086c6178f','e7f199de-eee1-4f57-a8c9-69281ea6cd4d','428ee70f-3001-4399-95a6-ad25eaaede16'),
('ed994b23-2a1e-4370-b7fd-35b086c6178f','65924ac6-9724-455b-ad30-906936291421','428ee70f-3001-4399-95a6-ad25eaaede16'),
('ed994b23-2a1e-4370-b7fd-35b086c6178f','19d5ef58-5cfc-41fe-894c-acd705dc1325','428ee70f-3001-4399-95a6-ad25eaaede16'),
('96ac0d55-8a4a-4d0e-ac22-d672c58f29a7','ce7a55cc-d179-49d8-b7ab-6e8d93024ead','8221a81c-08b2-4262-9c1a-0ab3c82cec8c'),
('96ac0d55-8a4a-4d0e-ac22-d672c58f29a7','2b6e54d3-1cf7-4fc7-aae2-2f338085feda','8221a81c-08b2-4262-9c1a-0ab3c82cec8c'),
('3c1755f3-9b65-4def-9c33-f089317a6245','4fc163c9-f8fb-4cfd-b107-2cb13583ebf0','8221a81c-08b2-4262-9c1a-0ab3c82cec8c'),
('42a16950-fa4d-4de4-b4cc-48a964439b05','0541193e-ba84-46e7-973f-82a9900d7521','ca374ac3-84eb-4b91-bea7-9005398f426f'),
('aec90684-ba13-481e-9c48-0203a2975c42','2b6e54d3-1cf7-4fc7-aae2-2f338085feda','8221a81c-08b2-4262-9c1a-0ab3c82cec8c'),
('aec90684-ba13-481e-9c48-0203a2975c42','6277c89b-28ca-49bd-8411-bf3d461a96f2','8221a81c-08b2-4262-9c1a-0ab3c82cec8c');
INSERT INTO referral_complexity_level_ids (referral_id, complexity_level_ids, complexity_level_ids_key) VALUES('4739d844-6321-4c33-8096-bbc856e3a097','ab17dc4a-3f93-4ae5-a70d-2905b86b256c','ca374ac3-84eb-4b91-bea7-9005398f426f'),
('d6ed0930-9761-4c38-bd0d-1f455c94dd8f','d0db50b0-4a50-4fc7-a006-9c97530e38b2','428ee70f-3001-4399-95a6-ad25eaaede16'),
('22ca3d61-b950-459b-8d2f-5ea662c00da2','46c1ae33-f90b-4dfc-83f7-6eec49209084','8221a81c-08b2-4262-9c1a-0ab3c82cec8c'),
('01d73c1a-af7d-44ab-9c48-3ba6ee2a7b3c','110f2405-d944-4c15-836c-0c6684e2aa78','428ee70f-3001-4399-95a6-ad25eaaede16'),
('fdc00873-2034-42d7-9142-779eea3af3c5','439c6dab-0dd6-4eb9-8a4a-c69d3490e940','ca374ac3-84eb-4b91-bea7-9005398f426f'),
('b581af8e-1596-4c70-a980-3da13646eb37','cb6f1c1c-29d4-4d34-902e-3c89ee8428a0','8221a81c-08b2-4262-9c1a-0ab3c82cec8c'),
('d041b3d0-e0db-494e-80e0-934ede71573a','46c1ae33-f90b-4dfc-83f7-6eec49209084','8221a81c-08b2-4262-9c1a-0ab3c82cec8c'),
('52d0ea4e-81cf-41d4-9a9f-3621c06e4351','ab17dc4a-3f93-4ae5-a70d-2905b86b256c','ca374ac3-84eb-4b91-bea7-9005398f426f'),
('b0c883cb-7621-44d3-a07a-7da91108462e','439c6dab-0dd6-4eb9-8a4a-c69d3490e940','ca374ac3-84eb-4b91-bea7-9005398f426f'),
('cee253ed-780c-43b8-be6b-5fb1a46a059c','0d6a7e24-2c61-4ca7-ac09-ec6f754dc6e5','ca374ac3-84eb-4b91-bea7-9005398f426f'),
('449cf177-42f2-4dde-a3a3-eb60621d63a9','c86be5ec-31fa-4dfa-8c0c-8fe13451b9f6','428ee70f-3001-4399-95a6-ad25eaaede16'),
('f7e54807-8851-4f1b-8c3b-e3b4ef333fee','ab17dc4a-3f93-4ae5-a70d-2905b86b256c','ca374ac3-84eb-4b91-bea7-9005398f426f'),
('39f10f4a-6128-4784-becf-5573d04138cc','64a1b7ba-305e-4bcc-b427-01b575ace941','8221a81c-08b2-4262-9c1a-0ab3c82cec8c'),
('64604d4d-75e2-4d41-a9ce-0b45c0a47beb','0d6a7e24-2c61-4ca7-ac09-ec6f754dc6e5','ca374ac3-84eb-4b91-bea7-9005398f426f'),
('3aed72ca-ad7a-4372-9c39-d384dc373166','ab17dc4a-3f93-4ae5-a70d-2905b86b256c','ca374ac3-84eb-4b91-bea7-9005398f426f'),
('d3e72eea-d6df-4176-b5c8-46b7e34ae189','439c6dab-0dd6-4eb9-8a4a-c69d3490e940','ca374ac3-84eb-4b91-bea7-9005398f426f'),
('3eb1cb6d-5115-4112-96df-cf90a31d5c40','46c1ae33-f90b-4dfc-83f7-6eec49209084','8221a81c-08b2-4262-9c1a-0ab3c82cec8c'),
('fbe49df6-d7fb-447c-bea4-6d8ed8ac7401','cb6f1c1c-29d4-4d34-902e-3c89ee8428a0','8221a81c-08b2-4262-9c1a-0ab3c82cec8c'),
('e67adc43-5bd0-4827-aa8a-b4c648bca8d0','0d6a7e24-2c61-4ca7-ac09-ec6f754dc6e5','ca374ac3-84eb-4b91-bea7-9005398f426f'),
('5fad44c1-640d-4956-a2c9-730f3562881f','439c6dab-0dd6-4eb9-8a4a-c69d3490e940','ca374ac3-84eb-4b91-bea7-9005398f426f'),
('65a6cd6b-5ee5-4e8d-9e20-8fe1ddb8bb19','ab17dc4a-3f93-4ae5-a70d-2905b86b256c','ca374ac3-84eb-4b91-bea7-9005398f426f'),
('26d91a88-866b-42c0-a4ec-5dc09d07dc8c','0d6a7e24-2c61-4ca7-ac09-ec6f754dc6e5','ca374ac3-84eb-4b91-bea7-9005398f426f'),
('54b7a540-f589-4531-b57c-eb03a6c986a5','d0db50b0-4a50-4fc7-a006-9c97530e38b2','428ee70f-3001-4399-95a6-ad25eaaede16'),
('7e68b02a-063b-44bf-8371-1dbce6d997c6','439c6dab-0dd6-4eb9-8a4a-c69d3490e940','ca374ac3-84eb-4b91-bea7-9005398f426f'),
('b666b0d3-354d-485c-b8fa-b82d9401de21','ab17dc4a-3f93-4ae5-a70d-2905b86b256c','ca374ac3-84eb-4b91-bea7-9005398f426f'),
('b17f363f-afcc-44b3-a289-8033f325e92b','ab17dc4a-3f93-4ae5-a70d-2905b86b256c','ca374ac3-84eb-4b91-bea7-9005398f426f'),
('3bbc1e95-d032-4345-9b52-0db223f2eb27','439c6dab-0dd6-4eb9-8a4a-c69d3490e940','ca374ac3-84eb-4b91-bea7-9005398f426f'),
('d787b456-84aa-4f3a-a642-dce938989f52','439c6dab-0dd6-4eb9-8a4a-c69d3490e940','ca374ac3-84eb-4b91-bea7-9005398f426f'),
('0b7fc7bf-d73d-46cc-b037-11e15ecc1c01','439c6dab-0dd6-4eb9-8a4a-c69d3490e940','ca374ac3-84eb-4b91-bea7-9005398f426f'),
('1876efea-aa30-4c00-a904-c7b9549dd39b','ab17dc4a-3f93-4ae5-a70d-2905b86b256c','ca374ac3-84eb-4b91-bea7-9005398f426f'),
('ab6e3676-d7d5-4317-9867-cf1e8cd0ed4d','64a1b7ba-305e-4bcc-b427-01b575ace941','8221a81c-08b2-4262-9c1a-0ab3c82cec8c'),
('004f102e-8943-4698-9c83-85f680327782','c86be5ec-31fa-4dfa-8c0c-8fe13451b9f6','428ee70f-3001-4399-95a6-ad25eaaede16'),
('e0ffb978-80b0-4de9-87f1-119611f7f35b','110f2405-d944-4c15-836c-0c6684e2aa78','428ee70f-3001-4399-95a6-ad25eaaede16'),
('a938e546-013a-4b5a-98c2-ff24f4b3d302','ab17dc4a-3f93-4ae5-a70d-2905b86b256c','ca374ac3-84eb-4b91-bea7-9005398f426f'),
('bbb638b1-8803-4703-a553-2816ddee2cca','64a1b7ba-305e-4bcc-b427-01b575ace941','8221a81c-08b2-4262-9c1a-0ab3c82cec8c'),
('0d18ac14-eaf6-4582-b30d-70115038a21a','439c6dab-0dd6-4eb9-8a4a-c69d3490e940','ca374ac3-84eb-4b91-bea7-9005398f426f'),
('08011905-79d5-45ce-a538-27b2dbfd8d1f','46c1ae33-f90b-4dfc-83f7-6eec49209084','8221a81c-08b2-4262-9c1a-0ab3c82cec8c'),
('fbeb4043-975d-45ba-897b-61335ef35bba','d0db50b0-4a50-4fc7-a006-9c97530e38b2','428ee70f-3001-4399-95a6-ad25eaaede16'),
('7c8967de-a60b-4bde-9aeb-e6c823150729','46c1ae33-f90b-4dfc-83f7-6eec49209084','8221a81c-08b2-4262-9c1a-0ab3c82cec8c'),
('c9d0708c-f2a4-4c9f-b299-89ff57a58a7d','0d6a7e24-2c61-4ca7-ac09-ec6f754dc6e5','ca374ac3-84eb-4b91-bea7-9005398f426f'),
('74b5b173-cb32-43d9-aeb5-ade7b00b58d3','ab17dc4a-3f93-4ae5-a70d-2905b86b256c','ca374ac3-84eb-4b91-bea7-9005398f426f'),
('18fb3f29-352d-4e60-89a1-b5eb1c63edaf','46c1ae33-f90b-4dfc-83f7-6eec49209084','8221a81c-08b2-4262-9c1a-0ab3c82cec8c'),
('6963266f-1474-44fa-8349-b38796443d7f','46c1ae33-f90b-4dfc-83f7-6eec49209084','8221a81c-08b2-4262-9c1a-0ab3c82cec8c'),
('1e6652a5-2f16-4c5d-9883-cc61e746a09d','d0db50b0-4a50-4fc7-a006-9c97530e38b2','428ee70f-3001-4399-95a6-ad25eaaede16'),
('a959d307-849b-4130-94fe-280172bfc494','0d6a7e24-2c61-4ca7-ac09-ec6f754dc6e5','ca374ac3-84eb-4b91-bea7-9005398f426f'),
('3cdc68f6-44ac-4f8a-832c-8061c3db2d31','0d6a7e24-2c61-4ca7-ac09-ec6f754dc6e5','ca374ac3-84eb-4b91-bea7-9005398f426f'),
('a0a41418-8622-4deb-a0b3-e059cc25c5dd','439c6dab-0dd6-4eb9-8a4a-c69d3490e940','ca374ac3-84eb-4b91-bea7-9005398f426f'),
('e68f3f60-aca3-4fe4-b4d1-309a3abacd2c','cb6f1c1c-29d4-4d34-902e-3c89ee8428a0','8221a81c-08b2-4262-9c1a-0ab3c82cec8c'),
('182bd432-9e97-40f0-a6dd-9070563ccc77','64a1b7ba-305e-4bcc-b427-01b575ace941','8221a81c-08b2-4262-9c1a-0ab3c82cec8c'),
('a9f050ee-c124-497e-a32d-0545e803528d','ab17dc4a-3f93-4ae5-a70d-2905b86b256c','ca374ac3-84eb-4b91-bea7-9005398f426f'),
('2b35a1b4-ccae-47a7-89b6-b69652217461','0d6a7e24-2c61-4ca7-ac09-ec6f754dc6e5','ca374ac3-84eb-4b91-bea7-9005398f426f'),
('050f0d11-a03b-45a1-8073-6fe0963667ba','ab17dc4a-3f93-4ae5-a70d-2905b86b256c','ca374ac3-84eb-4b91-bea7-9005398f426f'),
('e0fe6b6b-9955-4432-b896-856cbb540a64','64a1b7ba-305e-4bcc-b427-01b575ace941','8221a81c-08b2-4262-9c1a-0ab3c82cec8c'),
('ec1e7e0c-0241-4643-8a76-7133c58810de','ab17dc4a-3f93-4ae5-a70d-2905b86b256c','ca374ac3-84eb-4b91-bea7-9005398f426f'),
('fc54074a-b4b1-4784-82d9-e53d2c0d5df3','0d6a7e24-2c61-4ca7-ac09-ec6f754dc6e5','ca374ac3-84eb-4b91-bea7-9005398f426f'),
('b4551f94-1143-41da-9769-51abbbba35b1','439c6dab-0dd6-4eb9-8a4a-c69d3490e940','ca374ac3-84eb-4b91-bea7-9005398f426f'),
('480f97e2-360e-447e-9553-133614d0dd4f','439c6dab-0dd6-4eb9-8a4a-c69d3490e940','ca374ac3-84eb-4b91-bea7-9005398f426f'),
('6f160efb-d236-422e-bf5f-6928104386d3','46c1ae33-f90b-4dfc-83f7-6eec49209084','8221a81c-08b2-4262-9c1a-0ab3c82cec8c'),
('59aa4ee7-adec-4c82-9262-25e2db1a0e71','64a1b7ba-305e-4bcc-b427-01b575ace941','8221a81c-08b2-4262-9c1a-0ab3c82cec8c'),
('01d8fef9-89fb-4336-8d22-d10617ff4c4b','d0db50b0-4a50-4fc7-a006-9c97530e38b2','428ee70f-3001-4399-95a6-ad25eaaede16'),
('7007a4d4-790c-4aac-a0d9-3c9498a778cc','ab17dc4a-3f93-4ae5-a70d-2905b86b256c','ca374ac3-84eb-4b91-bea7-9005398f426f'),
('441467a9-5e35-41a8-b051-507efd031ffc','439c6dab-0dd6-4eb9-8a4a-c69d3490e940','ca374ac3-84eb-4b91-bea7-9005398f426f'),
('2d1b68a2-c5c5-49ad-ba6c-ec2ab7c44191','64a1b7ba-305e-4bcc-b427-01b575ace941','8221a81c-08b2-4262-9c1a-0ab3c82cec8c'),
('21a75671-971a-4078-aeba-4e77293465d9','64a1b7ba-305e-4bcc-b427-01b575ace941','8221a81c-08b2-4262-9c1a-0ab3c82cec8c'),
('301c3b22-fc55-4a31-8afb-2a6da3c970a7','46c1ae33-f90b-4dfc-83f7-6eec49209084','8221a81c-08b2-4262-9c1a-0ab3c82cec8c'),
('ac4f8826-417a-429e-9484-573828ecc02f','110f2405-d944-4c15-836c-0c6684e2aa78','428ee70f-3001-4399-95a6-ad25eaaede16'),
('1880c8b0-cc1b-488a-a990-938d5811052f','ab17dc4a-3f93-4ae5-a70d-2905b86b256c','ca374ac3-84eb-4b91-bea7-9005398f426f'),
('77471c58-2599-4a05-9a6c-3d1ac31a5b9f','439c6dab-0dd6-4eb9-8a4a-c69d3490e940','ca374ac3-84eb-4b91-bea7-9005398f426f'),
('0a3fc162-2e5c-40a7-83dc-214837fa0890','d0db50b0-4a50-4fc7-a006-9c97530e38b2','428ee70f-3001-4399-95a6-ad25eaaede16'),
('a6b7f544-97b9-48a7-82b7-85f27e344f73','ab17dc4a-3f93-4ae5-a70d-2905b86b256c','ca374ac3-84eb-4b91-bea7-9005398f426f'),
('45a5f3df-0767-4c88-9cd7-db3b55ec1437','110f2405-d944-4c15-836c-0c6684e2aa78','428ee70f-3001-4399-95a6-ad25eaaede16'),
('250ed9e5-0b4a-48ab-9e07-568ef02ecb41','0d6a7e24-2c61-4ca7-ac09-ec6f754dc6e5','ca374ac3-84eb-4b91-bea7-9005398f426f'),
('5222a5fc-f8e1-42ba-a227-ae7c54c9d197','c86be5ec-31fa-4dfa-8c0c-8fe13451b9f6','428ee70f-3001-4399-95a6-ad25eaaede16'),
('a854b579-a4bf-49cf-b0fe-2864f784f9e3','ab17dc4a-3f93-4ae5-a70d-2905b86b256c','ca374ac3-84eb-4b91-bea7-9005398f426f'),
('ddc3c7a1-4c31-4172-a7ae-ad4bd878283f','439c6dab-0dd6-4eb9-8a4a-c69d3490e940','ca374ac3-84eb-4b91-bea7-9005398f426f'),
('117fd1d1-879a-4b4a-8fa1-54388665ba13','439c6dab-0dd6-4eb9-8a4a-c69d3490e940','ca374ac3-84eb-4b91-bea7-9005398f426f'),
('aa28e999-8015-4534-ba61-68744014a753','0d6a7e24-2c61-4ca7-ac09-ec6f754dc6e5','ca374ac3-84eb-4b91-bea7-9005398f426f'),
('d3bb5c16-4e8a-494e-96d0-891f7be6d167','ab17dc4a-3f93-4ae5-a70d-2905b86b256c','ca374ac3-84eb-4b91-bea7-9005398f426f'),
('66c2586b-9d18-4e70-9535-791eb183f2a4','46c1ae33-f90b-4dfc-83f7-6eec49209084','8221a81c-08b2-4262-9c1a-0ab3c82cec8c'),
('88b6257b-ab5e-460d-bb3e-11dd2d90e9aa','d0db50b0-4a50-4fc7-a006-9c97530e38b2','428ee70f-3001-4399-95a6-ad25eaaede16'),
('469bf37f-b0e3-4a93-a32d-88166ed8c6b8','64a1b7ba-305e-4bcc-b427-01b575ace941','8221a81c-08b2-4262-9c1a-0ab3c82cec8c'),
('50efecd2-6581-4ed7-afe1-e9aff90cacf2','ab17dc4a-3f93-4ae5-a70d-2905b86b256c','ca374ac3-84eb-4b91-bea7-9005398f426f'),
('2decd838-33db-4fd6-a196-554e25ddea5f','110f2405-d944-4c15-836c-0c6684e2aa78','428ee70f-3001-4399-95a6-ad25eaaede16'),
('595ecb34-99dd-4ec5-820b-a327de7ec63b','ab17dc4a-3f93-4ae5-a70d-2905b86b256c','ca374ac3-84eb-4b91-bea7-9005398f426f'),
('392a2fd5-6a24-4f0f-a158-8d149f29fc87','439c6dab-0dd6-4eb9-8a4a-c69d3490e940','ca374ac3-84eb-4b91-bea7-9005398f426f'),
('24063fd1-78e3-4400-98e3-312ce383d676','cb6f1c1c-29d4-4d34-902e-3c89ee8428a0','8221a81c-08b2-4262-9c1a-0ab3c82cec8c'),
('2e4c7b3b-86b2-4186-a377-64103b5e1c11','c86be5ec-31fa-4dfa-8c0c-8fe13451b9f6','428ee70f-3001-4399-95a6-ad25eaaede16'),
('9319431c-d919-4c3d-92cc-8161695977e0','d0db50b0-4a50-4fc7-a006-9c97530e38b2','428ee70f-3001-4399-95a6-ad25eaaede16'),
('2ac053f2-554d-4d38-95e3-cbe7d105a43e','110f2405-d944-4c15-836c-0c6684e2aa78','428ee70f-3001-4399-95a6-ad25eaaede16'),
('5acc085d-2f70-4467-b513-f1b6d22e84d3','64a1b7ba-305e-4bcc-b427-01b575ace941','8221a81c-08b2-4262-9c1a-0ab3c82cec8c'),
('0b4c5352-7b89-491b-ac77-3214e036a357','c86be5ec-31fa-4dfa-8c0c-8fe13451b9f6','428ee70f-3001-4399-95a6-ad25eaaede16'),
('8c9e5706-2d61-4c9e-897c-4f879b5d8819','d0db50b0-4a50-4fc7-a006-9c97530e38b2','428ee70f-3001-4399-95a6-ad25eaaede16'),
('23a75186-1c4d-42b9-8877-d655a40daf19','439c6dab-0dd6-4eb9-8a4a-c69d3490e940','ca374ac3-84eb-4b91-bea7-9005398f426f'),
('d8db6ff8-e2e2-4786-ac4f-2f92d5cc45ad','64a1b7ba-305e-4bcc-b427-01b575ace941','8221a81c-08b2-4262-9c1a-0ab3c82cec8c'),
('8980a885-79a8-4336-bdfc-244c09215222','46c1ae33-f90b-4dfc-83f7-6eec49209084','8221a81c-08b2-4262-9c1a-0ab3c82cec8c'),
('5d9de070-541f-4197-853b-3ece16b29f43','64a1b7ba-305e-4bcc-b427-01b575ace941','8221a81c-08b2-4262-9c1a-0ab3c82cec8c'),
('32800bfe-6194-479f-900f-89908bdf5f4b','d0db50b0-4a50-4fc7-a006-9c97530e38b2','428ee70f-3001-4399-95a6-ad25eaaede16'),
('64bd5b08-10c8-4799-8e5e-2f414c83f0ae','0d6a7e24-2c61-4ca7-ac09-ec6f754dc6e5','ca374ac3-84eb-4b91-bea7-9005398f426f'),
('773aea62-e36a-448b-ace0-e9a2cabcd85c','cb6f1c1c-29d4-4d34-902e-3c89ee8428a0','8221a81c-08b2-4262-9c1a-0ab3c82cec8c'),
('c37f5538-25c5-4301-8af4-a52be45ba1e4','439c6dab-0dd6-4eb9-8a4a-c69d3490e940','ca374ac3-84eb-4b91-bea7-9005398f426f'),
('a2cfa6ab-8d77-460c-9f68-ab71bc5597d7','110f2405-d944-4c15-836c-0c6684e2aa78','428ee70f-3001-4399-95a6-ad25eaaede16'),
('4a706752-a5eb-40c8-b456-099a3d3871f1','cb6f1c1c-29d4-4d34-902e-3c89ee8428a0','8221a81c-08b2-4262-9c1a-0ab3c82cec8c'),
('ea4f4b02-17bc-4826-ab41-514b79cb3d6a','0d6a7e24-2c61-4ca7-ac09-ec6f754dc6e5','ca374ac3-84eb-4b91-bea7-9005398f426f'),
('6ccbf234-bb2e-4c76-ac14-1c8d4c11b1a3','46c1ae33-f90b-4dfc-83f7-6eec49209084','8221a81c-08b2-4262-9c1a-0ab3c82cec8c'),
('5bfabcb0-525c-4e48-a465-0e577a0976cd','439c6dab-0dd6-4eb9-8a4a-c69d3490e940','ca374ac3-84eb-4b91-bea7-9005398f426f'),
('6e1f832f-dd8c-40e6-84fa-a53e65e4c847','cb6f1c1c-29d4-4d34-902e-3c89ee8428a0','8221a81c-08b2-4262-9c1a-0ab3c82cec8c'),
('e198f3b0-6632-4c27-a0d8-67fd34452e80','ab17dc4a-3f93-4ae5-a70d-2905b86b256c','ca374ac3-84eb-4b91-bea7-9005398f426f'),
('2103c4c4-5fc3-4805-9849-bc76f00ccb37','ab17dc4a-3f93-4ae5-a70d-2905b86b256c','ca374ac3-84eb-4b91-bea7-9005398f426f'),
('f524213e-e9e3-4dea-8bce-d559afc0a0b2','ab17dc4a-3f93-4ae5-a70d-2905b86b256c','ca374ac3-84eb-4b91-bea7-9005398f426f'),
('4c1f5204-1109-479f-b5f5-364269019289','cb6f1c1c-29d4-4d34-902e-3c89ee8428a0','8221a81c-08b2-4262-9c1a-0ab3c82cec8c'),
('4705cfab-8874-41e4-985f-91e66445412d','d0db50b0-4a50-4fc7-a006-9c97530e38b2','428ee70f-3001-4399-95a6-ad25eaaede16'),
('33068256-0dc0-43b3-b530-d4bcc95e3e71','439c6dab-0dd6-4eb9-8a4a-c69d3490e940','ca374ac3-84eb-4b91-bea7-9005398f426f'),
('adc2ec73-fe58-48ab-90b8-5f2d2000c545','ab17dc4a-3f93-4ae5-a70d-2905b86b256c','ca374ac3-84eb-4b91-bea7-9005398f426f'),
('1b7f91c0-1efb-4ca8-9c16-74c902be6215','d0db50b0-4a50-4fc7-a006-9c97530e38b2','428ee70f-3001-4399-95a6-ad25eaaede16'),
('d937981f-8cf4-42f6-9213-b7da3b5fd230','46c1ae33-f90b-4dfc-83f7-6eec49209084','8221a81c-08b2-4262-9c1a-0ab3c82cec8c'),
('59b41fdc-50a2-4b7e-86ee-a3d689a3127a','0d6a7e24-2c61-4ca7-ac09-ec6f754dc6e5','ca374ac3-84eb-4b91-bea7-9005398f426f'),
('660e631b-95cf-417c-bbf9-19746d3ed8e1','0d6a7e24-2c61-4ca7-ac09-ec6f754dc6e5','ca374ac3-84eb-4b91-bea7-9005398f426f'),
('4ee2e967-c947-44f9-b1cf-798962655e68','110f2405-d944-4c15-836c-0c6684e2aa78','428ee70f-3001-4399-95a6-ad25eaaede16'),
('aed87176-98d1-47b4-9f79-1c4dd8588c78','46c1ae33-f90b-4dfc-83f7-6eec49209084','8221a81c-08b2-4262-9c1a-0ab3c82cec8c'),
('593a1da9-b733-437e-b5a9-23a7a0140dc8','ab17dc4a-3f93-4ae5-a70d-2905b86b256c','ca374ac3-84eb-4b91-bea7-9005398f426f'),
('92e08ae5-0d09-426d-b215-5c28ef256247','c86be5ec-31fa-4dfa-8c0c-8fe13451b9f6','428ee70f-3001-4399-95a6-ad25eaaede16'),
('dbb16707-6cfc-48b3-9211-a12c3485969e','d0db50b0-4a50-4fc7-a006-9c97530e38b2','428ee70f-3001-4399-95a6-ad25eaaede16'),
('c08587a7-211f-457f-8e4f-be491b334133','110f2405-d944-4c15-836c-0c6684e2aa78','428ee70f-3001-4399-95a6-ad25eaaede16'),
('2a835b67-def9-4fb1-8b56-56eca6cea700','46c1ae33-f90b-4dfc-83f7-6eec49209084','8221a81c-08b2-4262-9c1a-0ab3c82cec8c'),
('78e2bb62-7873-443c-b41d-22fb3124fc7f','cb6f1c1c-29d4-4d34-902e-3c89ee8428a0','8221a81c-08b2-4262-9c1a-0ab3c82cec8c'),
('b1c34473-cec5-4d5f-b6b2-79996a1214d2','46c1ae33-f90b-4dfc-83f7-6eec49209084','8221a81c-08b2-4262-9c1a-0ab3c82cec8c'),
('90525086-0aa3-486a-8d2e-10fa984f7449','64a1b7ba-305e-4bcc-b427-01b575ace941','8221a81c-08b2-4262-9c1a-0ab3c82cec8c'),
('747065e1-19b3-47df-97e1-d4491003ea6c','439c6dab-0dd6-4eb9-8a4a-c69d3490e940','ca374ac3-84eb-4b91-bea7-9005398f426f'),
('b114a922-a9cf-414e-ba21-7f8bd4952d75','ab17dc4a-3f93-4ae5-a70d-2905b86b256c','ca374ac3-84eb-4b91-bea7-9005398f426f'),
('adbfc977-56de-4504-a6f5-4d9508e54562','ab17dc4a-3f93-4ae5-a70d-2905b86b256c','ca374ac3-84eb-4b91-bea7-9005398f426f'),
('d4786009-64e8-4cf3-ba43-8f19b8cca108','0d6a7e24-2c61-4ca7-ac09-ec6f754dc6e5','ca374ac3-84eb-4b91-bea7-9005398f426f'),
('b92cfad0-858e-4cef-a05a-4085522d4dce','46c1ae33-f90b-4dfc-83f7-6eec49209084','8221a81c-08b2-4262-9c1a-0ab3c82cec8c'),
('d601268e-d2ab-4f0c-af8d-084ded11fd89','ab17dc4a-3f93-4ae5-a70d-2905b86b256c','ca374ac3-84eb-4b91-bea7-9005398f426f'),
('ca9fc390-f02b-4010-a586-b494fde91407','d0db50b0-4a50-4fc7-a006-9c97530e38b2','428ee70f-3001-4399-95a6-ad25eaaede16'),
('ce4983c7-199f-47fb-8fcd-f36b28239b4d','46c1ae33-f90b-4dfc-83f7-6eec49209084','8221a81c-08b2-4262-9c1a-0ab3c82cec8c'),
('0258f5cc-dc84-4038-ad12-72b895476023','64a1b7ba-305e-4bcc-b427-01b575ace941','8221a81c-08b2-4262-9c1a-0ab3c82cec8c'),
('b3629d6a-10ba-462f-87e1-114ad799ed11','ab17dc4a-3f93-4ae5-a70d-2905b86b256c','ca374ac3-84eb-4b91-bea7-9005398f426f'),
('6cd4f822-baa4-494e-a2ac-a53a5221712e','439c6dab-0dd6-4eb9-8a4a-c69d3490e940','ca374ac3-84eb-4b91-bea7-9005398f426f'),
('18b6e782-1cb2-450b-88cc-6fe18235f25f','110f2405-d944-4c15-836c-0c6684e2aa78','428ee70f-3001-4399-95a6-ad25eaaede16'),
('d4f34d0d-057f-4d7d-840a-ca31a44ef4b8','0d6a7e24-2c61-4ca7-ac09-ec6f754dc6e5','ca374ac3-84eb-4b91-bea7-9005398f426f'),
('c16462cb-7c84-489f-9300-9064c6c5ea1a','0d6a7e24-2c61-4ca7-ac09-ec6f754dc6e5','ca374ac3-84eb-4b91-bea7-9005398f426f'),
('52535e16-08b8-470c-8e65-77ba769502eb','64a1b7ba-305e-4bcc-b427-01b575ace941','8221a81c-08b2-4262-9c1a-0ab3c82cec8c'),
('9afc12ea-6787-4874-9d1d-4645f56aa1bf','ab17dc4a-3f93-4ae5-a70d-2905b86b256c','ca374ac3-84eb-4b91-bea7-9005398f426f'),
('15c8c06a-afd2-4b96-be60-55572f3a0290','64a1b7ba-305e-4bcc-b427-01b575ace941','8221a81c-08b2-4262-9c1a-0ab3c82cec8c'),
('0fe601d3-026c-4a8d-86da-0c58d09f4166','110f2405-d944-4c15-836c-0c6684e2aa78','428ee70f-3001-4399-95a6-ad25eaaede16'),
('ed994b23-2a1e-4370-b7fd-35b086c6178f','d0db50b0-4a50-4fc7-a006-9c97530e38b2','428ee70f-3001-4399-95a6-ad25eaaede16'),
('96ac0d55-8a4a-4d0e-ac22-d672c58f29a7','cb6f1c1c-29d4-4d34-902e-3c89ee8428a0','8221a81c-08b2-4262-9c1a-0ab3c82cec8c'),
('3c1755f3-9b65-4def-9c33-f089317a6245','64a1b7ba-305e-4bcc-b427-01b575ace941','8221a81c-08b2-4262-9c1a-0ab3c82cec8c'),
('42a16950-fa4d-4de4-b4cc-48a964439b05','ab17dc4a-3f93-4ae5-a70d-2905b86b256c','ca374ac3-84eb-4b91-bea7-9005398f426f'),
('aec90684-ba13-481e-9c48-0203a2975c42','cb6f1c1c-29d4-4d34-902e-3c89ee8428a0','8221a81c-08b2-4262-9c1a-0ab3c82cec8c');