INSERT INTO referral_selected_service_category (referral_id, service_category_id) VALUES('1905bee7-2b7b-4f8f-95f3-fb7abc5ce357','428ee70f-3001-4399-95a6-ad25eaaede16'),
('b4d99056-0d3f-41cd-a165-13c4a86fd151','ca374ac3-84eb-4b91-bea7-9005398f426f'),
('607683b4-6d01-476b-84cc-cfda59c26584','428ee70f-3001-4399-95a6-ad25eaaede16'),
('1e7256d1-6939-4cdc-99c8-d5e56b2fbb2c','ca374ac3-84eb-4b91-bea7-9005398f426f'),
('7540748b-1189-4f1c-8443-90ccc5f2e776','ca374ac3-84eb-4b91-bea7-9005398f426f'),
('9344d311-f876-4613-8c10-fd9fe5f3a827','8221a81c-08b2-4262-9c1a-0ab3c82cec8c'),
('171c03f8-a266-4a86-83e4-f53533d42199','ca374ac3-84eb-4b91-bea7-9005398f426f'),
('5608b8a6-4465-4ab6-94ff-35cae9de1c01','8221a81c-08b2-4262-9c1a-0ab3c82cec8c'),
('cd5fc0a8-04b2-48e7-b8e4-8026befaadc3','ca374ac3-84eb-4b91-bea7-9005398f426f'),
('a8d73034-29e7-4c39-905b-e2db07b9b599','ca374ac3-84eb-4b91-bea7-9005398f426f'),
('92e2afd7-c14e-441f-85e9-66ec5a2c44cc','ca374ac3-84eb-4b91-bea7-9005398f426f'),
('1f7df598-faf1-4261-80d2-d8deb73c0849','ca374ac3-84eb-4b91-bea7-9005398f426f'),
('b82166ac-fe04-45bd-987b-4c5abaf7fe5b','ca374ac3-84eb-4b91-bea7-9005398f426f'),
('fd84a621-63e5-4659-8b35-9b4eeaf6dcd3','ca374ac3-84eb-4b91-bea7-9005398f426f'),
('b3fe364b-dcab-4a9e-987d-cec331fcf788','ca374ac3-84eb-4b91-bea7-9005398f426f'),
('bcb10234-133f-4f19-8029-c65bc41dcd19','ca374ac3-84eb-4b91-bea7-9005398f426f'),
('f637e123-d5d9-4583-afab-30851a099aa9','ca374ac3-84eb-4b91-bea7-9005398f426f'),
('2ff2073c-d715-4b41-a8d6-a6106554466d','ca374ac3-84eb-4b91-bea7-9005398f426f'),
('ab51dc5e-127e-483d-8531-e24adf679ed8','428ee70f-3001-4399-95a6-ad25eaaede16'),
('35573d8a-367d-4454-aa98-8de5f4f7ad38','ca374ac3-84eb-4b91-bea7-9005398f426f'),
('3ed25628-4209-48ed-b08f-1c3f9abce7a7','428ee70f-3001-4399-95a6-ad25eaaede16'),
('bfea22a8-38e9-4f84-a39b-8ec211622fab','ca374ac3-84eb-4b91-bea7-9005398f426f'),
('7cacd156-e712-433a-acb6-2ba3f3e682dc','ca374ac3-84eb-4b91-bea7-9005398f426f'),
('6c6ae561-1835-4cea-a1e8-2e69d098a339','428ee70f-3001-4399-95a6-ad25eaaede16'),
('15faf97f-63fd-4797-b4a6-c14d2de51062','428ee70f-3001-4399-95a6-ad25eaaede16'),
('3d8bb7af-99d3-479e-80ce-13811143f554','ca374ac3-84eb-4b91-bea7-9005398f426f'),
('6c3db62a-9eec-4ce1-9801-e25055ed3190','8221a81c-08b2-4262-9c1a-0ab3c82cec8c'),
('112f063d-b6ac-454e-9b53-5e6752c206cf','ca374ac3-84eb-4b91-bea7-9005398f426f'),
('dc3ad786-a5a1-448a-8495-a9a78a61a117','428ee70f-3001-4399-95a6-ad25eaaede16'),
('f3fec826-d4c3-4358-9e85-a4a592edc0d5','8221a81c-08b2-4262-9c1a-0ab3c82cec8c'),
('fc8d2e89-0565-4dfc-8e6b-47f9a6c86543','ca374ac3-84eb-4b91-bea7-9005398f426f'),
('e64503dd-1a86-4042-8996-9eafcc7121ce','ca374ac3-84eb-4b91-bea7-9005398f426f'),
('91e81add-7d8e-4839-bbdb-c4046c90bc4e','428ee70f-3001-4399-95a6-ad25eaaede16'),
('669e8eaa-5042-4e64-b932-7556f6a78f95','ca374ac3-84eb-4b91-bea7-9005398f426f'),
('35701e69-c164-4112-844f-f09783f31ffa','8221a81c-08b2-4262-9c1a-0ab3c82cec8c'),
('b52f8974-f4e3-4b3e-9b47-f2629a5dd001','428ee70f-3001-4399-95a6-ad25eaaede16'),
('390304b8-ab33-4fe1-9a93-ee2569c522f3','8221a81c-08b2-4262-9c1a-0ab3c82cec8c'),
('4ec61ff2-b363-4c61-a55f-30d11305d588','8221a81c-08b2-4262-9c1a-0ab3c82cec8c'),
('fc18c092-4fd0-4ce6-a987-5ae3f82be7d2','ca374ac3-84eb-4b91-bea7-9005398f426f'),
('41a5243c-187a-4399-bd64-086606b7b3b0','428ee70f-3001-4399-95a6-ad25eaaede16'),
('9306ffcd-aacf-453b-8112-6562b1bd49b8','428ee70f-3001-4399-95a6-ad25eaaede16'),
('2e4c71a9-fc09-4b1a-bcfa-2394a2cf0607','8221a81c-08b2-4262-9c1a-0ab3c82cec8c'),
('80cca217-24b3-4d21-b2db-eb0db59becec','ca374ac3-84eb-4b91-bea7-9005398f426f'),
('d64983b3-9a55-4ba5-97fc-264da8f10d04','ca374ac3-84eb-4b91-bea7-9005398f426f'),
('5870a20c-6ed6-422c-a275-f23388a38e78','8221a81c-08b2-4262-9c1a-0ab3c82cec8c'),
('f1d2a1e0-91bf-49d9-a7c5-6ab8f674c9ea','ca374ac3-84eb-4b91-bea7-9005398f426f'),
('c20c32c3-9517-4914-8261-171cd7f0c10e','8221a81c-08b2-4262-9c1a-0ab3c82cec8c'),
('9b59d553-36f8-4b80-b8a7-dc341cf89da6','428ee70f-3001-4399-95a6-ad25eaaede16'),
('d4500104-95e9-4601-9b8b-bbac2b3d00c2','428ee70f-3001-4399-95a6-ad25eaaede16'),
('0593471d-f604-47b9-af8f-1c2edf95c291','ca374ac3-84eb-4b91-bea7-9005398f426f'),
('23180636-e407-429e-b8ab-df90b75ed753','428ee70f-3001-4399-95a6-ad25eaaede16'),
('d4e09c4b-c54d-4190-81e6-33a06be3239a','428ee70f-3001-4399-95a6-ad25eaaede16'),
('07a92317-5f66-4017-b4ad-4d0ab0e672a4','ca374ac3-84eb-4b91-bea7-9005398f426f'),
('c2e53b09-bcdd-46f9-87b9-faab5201ea0d','ca374ac3-84eb-4b91-bea7-9005398f426f'),
('42b2e0a0-0990-434c-8fd2-ee5ca0c3806f','ca374ac3-84eb-4b91-bea7-9005398f426f'),
('0ee17b79-0edf-41c9-a7e5-a79fc6e8a3f2','ca374ac3-84eb-4b91-bea7-9005398f426f'),
('2856f243-e273-4fa9-a384-1191a8238551','8221a81c-08b2-4262-9c1a-0ab3c82cec8c'),
('46ef4347-adb9-4e01-bc29-ee22e06dd9fe','ca374ac3-84eb-4b91-bea7-9005398f426f'),
('9cc9c6a9-657f-4162-b8f8-8e0f708c5e4a','8221a81c-08b2-4262-9c1a-0ab3c82cec8c'),
('6d7d88f3-860a-44d9-b534-a97f250319dc','428ee70f-3001-4399-95a6-ad25eaaede16'),
('3ea475ae-a2e0-4286-a11b-7b2b673fd1f2','ca374ac3-84eb-4b91-bea7-9005398f426f'),
('d9cf2a4c-2285-4bee-a6a7-a2ded6e55344','8221a81c-08b2-4262-9c1a-0ab3c82cec8c'),
('9a50bd5c-cd86-45c7-8a0d-808c2d267d71','8221a81c-08b2-4262-9c1a-0ab3c82cec8c'),
('62a1ddf4-99b3-479f-9b93-d5a7eb68d1dc','8221a81c-08b2-4262-9c1a-0ab3c82cec8c'),
('5f87963e-475e-4842-ab31-6aea981283c1','8221a81c-08b2-4262-9c1a-0ab3c82cec8c'),
('a8e49d1a-f42e-4dc1-aa0b-bd9b44008de3','428ee70f-3001-4399-95a6-ad25eaaede16'),
('3305f080-9fd3-4fcc-86b8-de31b9d438e6','ca374ac3-84eb-4b91-bea7-9005398f426f'),
('502d6632-2ee2-471f-9f8e-2e6246a531ce','428ee70f-3001-4399-95a6-ad25eaaede16'),
('aeaeedd0-c4f1-4156-b4d8-a54ba41f08ab','ca374ac3-84eb-4b91-bea7-9005398f426f'),
('fafbd352-4617-4376-9544-27dc2af1190e','8221a81c-08b2-4262-9c1a-0ab3c82cec8c'),
('30c241ca-a298-4bd3-b8e8-c5133bfa9bc6','ca374ac3-84eb-4b91-bea7-9005398f426f'),
('08b1a748-a575-4516-98da-7e41771e20ef','ca374ac3-84eb-4b91-bea7-9005398f426f'),
('5cde6449-6bed-49c3-8ca9-c39c1e299105','ca374ac3-84eb-4b91-bea7-9005398f426f'),
('17e362f0-532f-415c-a720-331de9582c33','428ee70f-3001-4399-95a6-ad25eaaede16'),
('1833b3ab-4130-4985-9c52-df8e989047db','8221a81c-08b2-4262-9c1a-0ab3c82cec8c'),
('fae68dfa-4f6f-4183-a174-9a8d6a9702ec','8221a81c-08b2-4262-9c1a-0ab3c82cec8c'),
('f72f950d-d06b-4d43-abbf-5fab3f3642f1','ca374ac3-84eb-4b91-bea7-9005398f426f'),
('d772257f-1a12-4463-899e-c166758fc713','428ee70f-3001-4399-95a6-ad25eaaede16'),
('95b2ac47-a7e2-433f-a2b7-65bcee7e957b','ca374ac3-84eb-4b91-bea7-9005398f426f'),
('a52f72ed-e8db-41b7-ae73-e72d206cce30','428ee70f-3001-4399-95a6-ad25eaaede16'),
('57d3b528-5582-44ed-9e90-091b4372de79','8221a81c-08b2-4262-9c1a-0ab3c82cec8c'),
('ce5bf5fd-b5e6-46be-938b-54b32f864866','ca374ac3-84eb-4b91-bea7-9005398f426f'),
('9dbfbc8e-5fe6-4d5e-b36d-f480d12ddc7d','428ee70f-3001-4399-95a6-ad25eaaede16'),
('abb843ae-764a-4221-908e-e045d7f71dde','8221a81c-08b2-4262-9c1a-0ab3c82cec8c'),
('d293b09b-e9d0-45ef-a444-c7bf7670ce9b','ca374ac3-84eb-4b91-bea7-9005398f426f'),
('e7726717-10e4-412f-b464-b3f98c210e60','ca374ac3-84eb-4b91-bea7-9005398f426f'),
('9e9803a0-14a5-408d-9560-b9a60b1e915b','ca374ac3-84eb-4b91-bea7-9005398f426f'),
('0995695e-dc16-4ff6-90a1-957e7f30bf2c','8221a81c-08b2-4262-9c1a-0ab3c82cec8c'),
('4f3137aa-47d5-4277-bfd7-a73e9feca11c','ca374ac3-84eb-4b91-bea7-9005398f426f'),
('26cfa007-df99-493a-9b2c-9b0bc9864bb3','ca374ac3-84eb-4b91-bea7-9005398f426f'),
('970b5549-d879-43f5-848a-37dab0a9adb6','ca374ac3-84eb-4b91-bea7-9005398f426f'),
('e86b49b9-06a0-4d75-82a6-13f2295682aa','ca374ac3-84eb-4b91-bea7-9005398f426f'),
('042655de-8c9f-459d-a563-78759bae79a6','ca374ac3-84eb-4b91-bea7-9005398f426f'),
('1651a5f5-224c-4e70-9b73-7f5ee26581f9','428ee70f-3001-4399-95a6-ad25eaaede16'),
('8bd7f5a6-085d-4c70-9c13-66796f2d6ed3','ca374ac3-84eb-4b91-bea7-9005398f426f'),
('5ad57567-6c51-437e-82b8-16ca7b4fbcf4','ca374ac3-84eb-4b91-bea7-9005398f426f'),
('0e08c92f-8de7-45fa-a71d-859101746008','428ee70f-3001-4399-95a6-ad25eaaede16'),
('4584ec44-c536-4fb8-a130-e303ffb6eeac','ca374ac3-84eb-4b91-bea7-9005398f426f'),
('e2870d77-c434-4a19-8f46-e618d94e91aa','8221a81c-08b2-4262-9c1a-0ab3c82cec8c'),
('0e0e051a-a654-49b9-ba2f-a5c24ab8c139','ca374ac3-84eb-4b91-bea7-9005398f426f'),
('4d430a3f-a56a-41b0-8b35-e2816a5daaf0','428ee70f-3001-4399-95a6-ad25eaaede16'),
('4763a1a4-4544-42c0-8cad-0efc995087a8','8221a81c-08b2-4262-9c1a-0ab3c82cec8c'),
('05303f2c-d316-4a2f-b332-e2f91a180e40','ca374ac3-84eb-4b91-bea7-9005398f426f'),
('be75dd08-ab9e-44e4-83ef-17a4907536bf','428ee70f-3001-4399-95a6-ad25eaaede16'),
('2b8e84c1-c5df-4080-ba61-4c7d9a22a689','ca374ac3-84eb-4b91-bea7-9005398f426f'),
('8603bea4-659e-4395-891c-63933e1a13e4','ca374ac3-84eb-4b91-bea7-9005398f426f'),
('153eb40e-9d3d-45c5-9bca-f00dfa9d9ce9','428ee70f-3001-4399-95a6-ad25eaaede16'),
('902b02b5-a06c-4b36-bc64-c3302baca219','8221a81c-08b2-4262-9c1a-0ab3c82cec8c'),
('a82856cd-6c6b-4470-9352-5da0f71df539','ca374ac3-84eb-4b91-bea7-9005398f426f'),
('dce9699c-dfd4-4ae0-8eaf-87f921a52116','428ee70f-3001-4399-95a6-ad25eaaede16'),
('53ac48a2-efbe-44b3-a276-fffea00e84e3','8221a81c-08b2-4262-9c1a-0ab3c82cec8c'),
('7d8873f1-ca25-470f-9010-250649fe2c6e','428ee70f-3001-4399-95a6-ad25eaaede16'),
('2ff53fa7-9093-42db-9834-86a4e4a3e8c1','428ee70f-3001-4399-95a6-ad25eaaede16'),
('18b22a9f-0ba2-4ce1-b4f8-e795da3a1fe9','ca374ac3-84eb-4b91-bea7-9005398f426f'),
('54781c58-b68f-4547-bee3-bc5a6f622734','428ee70f-3001-4399-95a6-ad25eaaede16'),
('a48ab9a6-8156-4da4-8fa9-7648bf9295c3','8221a81c-08b2-4262-9c1a-0ab3c82cec8c'),
('0518415c-9880-4b54-90dc-3de5da6eb926','ca374ac3-84eb-4b91-bea7-9005398f426f'),
('fbab04e4-7d89-4d19-a7f7-443193090b92','ca374ac3-84eb-4b91-bea7-9005398f426f'),
('e4082574-2a4f-46ac-9567-096018c2b2f5','ca374ac3-84eb-4b91-bea7-9005398f426f'),
('a64be1f4-d6ed-4bcb-8b54-0c108ddb497c','8221a81c-08b2-4262-9c1a-0ab3c82cec8c'),
('18476b8d-b12d-4b98-8414-bdf813b8f138','8221a81c-08b2-4262-9c1a-0ab3c82cec8c'),
('11fb83a1-520c-4cdf-8d57-84c72acd82a0','ca374ac3-84eb-4b91-bea7-9005398f426f'),
('71fabd8c-3013-4811-bbb7-603e7bb7032e','8221a81c-08b2-4262-9c1a-0ab3c82cec8c'),
('27986725-7fb4-43e3-92b5-c1d822fd29c5','428ee70f-3001-4399-95a6-ad25eaaede16'),
('9db69078-bddb-42cf-8581-6f427b2b66a9','ca374ac3-84eb-4b91-bea7-9005398f426f'),
('92798a2b-5038-42a9-9c2a-60fab14e2d02','ca374ac3-84eb-4b91-bea7-9005398f426f'),
('0a5026ca-8e23-4666-a1b1-0684f2415f3b','428ee70f-3001-4399-95a6-ad25eaaede16'),
('361a3bf5-5a18-453a-b304-82ce413b81c5','428ee70f-3001-4399-95a6-ad25eaaede16'),
('614c2c56-a4bf-456b-ac08-6c01af2370fe','428ee70f-3001-4399-95a6-ad25eaaede16'),
('9bef5e6c-8b4f-4d83-b21e-3bd09c528743','428ee70f-3001-4399-95a6-ad25eaaede16'),
('8db4e52c-7c56-469c-b3f6-786c5404dd00','ca374ac3-84eb-4b91-bea7-9005398f426f'),
('84c1dc28-12aa-488a-9b4d-64879ee304df','428ee70f-3001-4399-95a6-ad25eaaede16'),
('275f5afa-615d-4dcc-873b-f1365fa43613','8221a81c-08b2-4262-9c1a-0ab3c82cec8c'),
('151bbae5-309f-40f0-ad1f-ad6e82dd7473','ca374ac3-84eb-4b91-bea7-9005398f426f'),
('9ea48596-e72f-48e1-8c5a-6a85790ea6e4','428ee70f-3001-4399-95a6-ad25eaaede16'),
('5a0eb8f2-148d-476f-9daf-c78b9c49da9d','8221a81c-08b2-4262-9c1a-0ab3c82cec8c'),
('c1e4596e-1a0b-4762-b790-6377e4b45335','ca374ac3-84eb-4b91-bea7-9005398f426f'),
('74f4e0d2-6e5f-4d8f-89d2-f3eab05ab168','ca374ac3-84eb-4b91-bea7-9005398f426f'),
('5ca6c1e7-5db9-46be-b062-f4259dd07897','428ee70f-3001-4399-95a6-ad25eaaede16'),
('fb8ee3c7-b9a0-4ea7-a068-98568da0b1dd','ca374ac3-84eb-4b91-bea7-9005398f426f'),
('006fe33f-4831-4772-8d8b-7f23236f9994','8221a81c-08b2-4262-9c1a-0ab3c82cec8c'),
('39f6780d-c55d-47b0-9e46-c706c39a0e49','8221a81c-08b2-4262-9c1a-0ab3c82cec8c'),
('489463c8-5321-4871-95bd-dd335b344dbf','ca374ac3-84eb-4b91-bea7-9005398f426f'),
('c7426e74-ccb4-477f-b0f3-c5365c830c35','ca374ac3-84eb-4b91-bea7-9005398f426f'),
('9da7108d-c17a-4d83-99bf-646efac6b7a6','428ee70f-3001-4399-95a6-ad25eaaede16'),
('b928f160-aff3-48c8-8457-8abaac545102','8221a81c-08b2-4262-9c1a-0ab3c82cec8c'),
('cad91c0f-4a45-40b4-bb4f-e3fb34b7cb5a','ca374ac3-84eb-4b91-bea7-9005398f426f'),
('506c2c29-f510-419e-950a-008d27f02907','428ee70f-3001-4399-95a6-ad25eaaede16'),
('4988d5f8-8cff-433c-9645-3fee7f41d417','8221a81c-08b2-4262-9c1a-0ab3c82cec8c'),
('ffef7aa4-11e4-423a-b52d-299efdf027f3','428ee70f-3001-4399-95a6-ad25eaaede16');
INSERT INTO referral_desired_outcome (referral_id, desired_outcome_id, service_category_id) VALUES('1905bee7-2b7b-4f8f-95f3-fb7abc5ce357','e7f199de-eee1-4f57-a8c9-69281ea6cd4d','428ee70f-3001-4399-95a6-ad25eaaede16'),
('1905bee7-2b7b-4f8f-95f3-fb7abc5ce357','449a93d7-e705-4340-9936-c859644abd52','428ee70f-3001-4399-95a6-ad25eaaede16'),
('b4d99056-0d3f-41cd-a165-13c4a86fd151','8f438eb1-4f5c-4c23-9436-2ef784fb2426','ca374ac3-84eb-4b91-bea7-9005398f426f'),
('b4d99056-0d3f-41cd-a165-13c4a86fd151','42077326-ca07-40ea-af20-902249af844e','ca374ac3-84eb-4b91-bea7-9005398f426f'),
('b4d99056-0d3f-41cd-a165-13c4a86fd151','0541193e-ba84-46e7-973f-82a9900d7521','ca374ac3-84eb-4b91-bea7-9005398f426f'),
('b4d99056-0d3f-41cd-a165-13c4a86fd151','d45e5b8f-7ae3-4fed-8c6b-73959cfc1190','ca374ac3-84eb-4b91-bea7-9005398f426f'),
('607683b4-6d01-476b-84cc-cfda59c26584','9b30ffad-dfcb-44ce-bdca-0ea49239a21a','428ee70f-3001-4399-95a6-ad25eaaede16'),
('607683b4-6d01-476b-84cc-cfda59c26584','55a9cf76-428d-4409-8a57-aaa523f3b631','428ee70f-3001-4399-95a6-ad25eaaede16'),
('607683b4-6d01-476b-84cc-cfda59c26584','301ead30-30a4-4c7c-8296-2768abfb59b5','428ee70f-3001-4399-95a6-ad25eaaede16'),
('607683b4-6d01-476b-84cc-cfda59c26584','f6f70273-16a2-4dc7-aafc-9bc74215e713','428ee70f-3001-4399-95a6-ad25eaaede16'),
('607683b4-6d01-476b-84cc-cfda59c26584','449a93d7-e705-4340-9936-c859644abd52','428ee70f-3001-4399-95a6-ad25eaaede16'),
('607683b4-6d01-476b-84cc-cfda59c26584','19d5ef58-5cfc-41fe-894c-acd705dc1325','428ee70f-3001-4399-95a6-ad25eaaede16'),
('607683b4-6d01-476b-84cc-cfda59c26584','e7f199de-eee1-4f57-a8c9-69281ea6cd4d','428ee70f-3001-4399-95a6-ad25eaaede16'),
('1e7256d1-6939-4cdc-99c8-d5e56b2fbb2c','d45e5b8f-7ae3-4fed-8c6b-73959cfc1190','ca374ac3-84eb-4b91-bea7-9005398f426f'),
('7540748b-1189-4f1c-8443-90ccc5f2e776','8f438eb1-4f5c-4c23-9436-2ef784fb2426','ca374ac3-84eb-4b91-bea7-9005398f426f'),
('7540748b-1189-4f1c-8443-90ccc5f2e776','d45e5b8f-7ae3-4fed-8c6b-73959cfc1190','ca374ac3-84eb-4b91-bea7-9005398f426f'),
('9344d311-f876-4613-8c10-fd9fe5f3a827','117832ca-f65e-4cce-9cdd-bdf666e740ea','8221a81c-08b2-4262-9c1a-0ab3c82cec8c'),
('9344d311-f876-4613-8c10-fd9fe5f3a827','2b6e54d3-1cf7-4fc7-aae2-2f338085feda','8221a81c-08b2-4262-9c1a-0ab3c82cec8c'),
('9344d311-f876-4613-8c10-fd9fe5f3a827','6277c89b-28ca-49bd-8411-bf3d461a96f2','8221a81c-08b2-4262-9c1a-0ab3c82cec8c'),
('9344d311-f876-4613-8c10-fd9fe5f3a827','ce7a55cc-d179-49d8-b7ab-6e8d93024ead','8221a81c-08b2-4262-9c1a-0ab3c82cec8c'),
('171c03f8-a266-4a86-83e4-f53533d42199','8f438eb1-4f5c-4c23-9436-2ef784fb2426','ca374ac3-84eb-4b91-bea7-9005398f426f'),
('171c03f8-a266-4a86-83e4-f53533d42199','0541193e-ba84-46e7-973f-82a9900d7521','ca374ac3-84eb-4b91-bea7-9005398f426f'),
('171c03f8-a266-4a86-83e4-f53533d42199','d45e5b8f-7ae3-4fed-8c6b-73959cfc1190','ca374ac3-84eb-4b91-bea7-9005398f426f'),
('171c03f8-a266-4a86-83e4-f53533d42199','42077326-ca07-40ea-af20-902249af844e','ca374ac3-84eb-4b91-bea7-9005398f426f'),
('5608b8a6-4465-4ab6-94ff-35cae9de1c01','ce7a55cc-d179-49d8-b7ab-6e8d93024ead','8221a81c-08b2-4262-9c1a-0ab3c82cec8c'),
('5608b8a6-4465-4ab6-94ff-35cae9de1c01','117832ca-f65e-4cce-9cdd-bdf666e740ea','8221a81c-08b2-4262-9c1a-0ab3c82cec8c'),
('5608b8a6-4465-4ab6-94ff-35cae9de1c01','4fc163c9-f8fb-4cfd-b107-2cb13583ebf0','8221a81c-08b2-4262-9c1a-0ab3c82cec8c'),
('5608b8a6-4465-4ab6-94ff-35cae9de1c01','52a658f6-622b-491e-8085-cea58c9b015b','8221a81c-08b2-4262-9c1a-0ab3c82cec8c'),
('5608b8a6-4465-4ab6-94ff-35cae9de1c01','2b6e54d3-1cf7-4fc7-aae2-2f338085feda','8221a81c-08b2-4262-9c1a-0ab3c82cec8c'),
('cd5fc0a8-04b2-48e7-b8e4-8026befaadc3','0541193e-ba84-46e7-973f-82a9900d7521','ca374ac3-84eb-4b91-bea7-9005398f426f'),
('cd5fc0a8-04b2-48e7-b8e4-8026befaadc3','42077326-ca07-40ea-af20-902249af844e','ca374ac3-84eb-4b91-bea7-9005398f426f'),
('a8d73034-29e7-4c39-905b-e2db07b9b599','8f438eb1-4f5c-4c23-9436-2ef784fb2426','ca374ac3-84eb-4b91-bea7-9005398f426f'),
('92e2afd7-c14e-441f-85e9-66ec5a2c44cc','8f438eb1-4f5c-4c23-9436-2ef784fb2426','ca374ac3-84eb-4b91-bea7-9005398f426f'),
('92e2afd7-c14e-441f-85e9-66ec5a2c44cc','0541193e-ba84-46e7-973f-82a9900d7521','ca374ac3-84eb-4b91-bea7-9005398f426f'),
('1f7df598-faf1-4261-80d2-d8deb73c0849','0541193e-ba84-46e7-973f-82a9900d7521','ca374ac3-84eb-4b91-bea7-9005398f426f'),
('1f7df598-faf1-4261-80d2-d8deb73c0849','42077326-ca07-40ea-af20-902249af844e','ca374ac3-84eb-4b91-bea7-9005398f426f'),
('1f7df598-faf1-4261-80d2-d8deb73c0849','8f438eb1-4f5c-4c23-9436-2ef784fb2426','ca374ac3-84eb-4b91-bea7-9005398f426f'),
('b82166ac-fe04-45bd-987b-4c5abaf7fe5b','8f438eb1-4f5c-4c23-9436-2ef784fb2426','ca374ac3-84eb-4b91-bea7-9005398f426f'),
('b82166ac-fe04-45bd-987b-4c5abaf7fe5b','42077326-ca07-40ea-af20-902249af844e','ca374ac3-84eb-4b91-bea7-9005398f426f'),
('b82166ac-fe04-45bd-987b-4c5abaf7fe5b','0541193e-ba84-46e7-973f-82a9900d7521','ca374ac3-84eb-4b91-bea7-9005398f426f'),
('b82166ac-fe04-45bd-987b-4c5abaf7fe5b','d45e5b8f-7ae3-4fed-8c6b-73959cfc1190','ca374ac3-84eb-4b91-bea7-9005398f426f'),
('fd84a621-63e5-4659-8b35-9b4eeaf6dcd3','8f438eb1-4f5c-4c23-9436-2ef784fb2426','ca374ac3-84eb-4b91-bea7-9005398f426f'),
('fd84a621-63e5-4659-8b35-9b4eeaf6dcd3','0541193e-ba84-46e7-973f-82a9900d7521','ca374ac3-84eb-4b91-bea7-9005398f426f'),
('fd84a621-63e5-4659-8b35-9b4eeaf6dcd3','42077326-ca07-40ea-af20-902249af844e','ca374ac3-84eb-4b91-bea7-9005398f426f'),
('fd84a621-63e5-4659-8b35-9b4eeaf6dcd3','d45e5b8f-7ae3-4fed-8c6b-73959cfc1190','ca374ac3-84eb-4b91-bea7-9005398f426f'),
('b3fe364b-dcab-4a9e-987d-cec331fcf788','d45e5b8f-7ae3-4fed-8c6b-73959cfc1190','ca374ac3-84eb-4b91-bea7-9005398f426f'),
('b3fe364b-dcab-4a9e-987d-cec331fcf788','8f438eb1-4f5c-4c23-9436-2ef784fb2426','ca374ac3-84eb-4b91-bea7-9005398f426f'),
('bcb10234-133f-4f19-8029-c65bc41dcd19','8f438eb1-4f5c-4c23-9436-2ef784fb2426','ca374ac3-84eb-4b91-bea7-9005398f426f'),
('bcb10234-133f-4f19-8029-c65bc41dcd19','d45e5b8f-7ae3-4fed-8c6b-73959cfc1190','ca374ac3-84eb-4b91-bea7-9005398f426f'),
('bcb10234-133f-4f19-8029-c65bc41dcd19','42077326-ca07-40ea-af20-902249af844e','ca374ac3-84eb-4b91-bea7-9005398f426f'),
('f637e123-d5d9-4583-afab-30851a099aa9','8f438eb1-4f5c-4c23-9436-2ef784fb2426','ca374ac3-84eb-4b91-bea7-9005398f426f'),
('f637e123-d5d9-4583-afab-30851a099aa9','42077326-ca07-40ea-af20-902249af844e','ca374ac3-84eb-4b91-bea7-9005398f426f'),
('f637e123-d5d9-4583-afab-30851a099aa9','d45e5b8f-7ae3-4fed-8c6b-73959cfc1190','ca374ac3-84eb-4b91-bea7-9005398f426f'),
('f637e123-d5d9-4583-afab-30851a099aa9','0541193e-ba84-46e7-973f-82a9900d7521','ca374ac3-84eb-4b91-bea7-9005398f426f'),
('2ff2073c-d715-4b41-a8d6-a6106554466d','d45e5b8f-7ae3-4fed-8c6b-73959cfc1190','ca374ac3-84eb-4b91-bea7-9005398f426f'),
('ab51dc5e-127e-483d-8531-e24adf679ed8','449a93d7-e705-4340-9936-c859644abd52','428ee70f-3001-4399-95a6-ad25eaaede16'),
('35573d8a-367d-4454-aa98-8de5f4f7ad38','8f438eb1-4f5c-4c23-9436-2ef784fb2426','ca374ac3-84eb-4b91-bea7-9005398f426f'),
('35573d8a-367d-4454-aa98-8de5f4f7ad38','d45e5b8f-7ae3-4fed-8c6b-73959cfc1190','ca374ac3-84eb-4b91-bea7-9005398f426f'),
('3ed25628-4209-48ed-b08f-1c3f9abce7a7','301ead30-30a4-4c7c-8296-2768abfb59b5','428ee70f-3001-4399-95a6-ad25eaaede16'),
('3ed25628-4209-48ed-b08f-1c3f9abce7a7','55a9cf76-428d-4409-8a57-aaa523f3b631','428ee70f-3001-4399-95a6-ad25eaaede16'),
('bfea22a8-38e9-4f84-a39b-8ec211622fab','d45e5b8f-7ae3-4fed-8c6b-73959cfc1190','ca374ac3-84eb-4b91-bea7-9005398f426f'),
('bfea22a8-38e9-4f84-a39b-8ec211622fab','8f438eb1-4f5c-4c23-9436-2ef784fb2426','ca374ac3-84eb-4b91-bea7-9005398f426f'),
('7cacd156-e712-433a-acb6-2ba3f3e682dc','d45e5b8f-7ae3-4fed-8c6b-73959cfc1190','ca374ac3-84eb-4b91-bea7-9005398f426f'),
('7cacd156-e712-433a-acb6-2ba3f3e682dc','0541193e-ba84-46e7-973f-82a9900d7521','ca374ac3-84eb-4b91-bea7-9005398f426f'),
('7cacd156-e712-433a-acb6-2ba3f3e682dc','8f438eb1-4f5c-4c23-9436-2ef784fb2426','ca374ac3-84eb-4b91-bea7-9005398f426f'),
('7cacd156-e712-433a-acb6-2ba3f3e682dc','42077326-ca07-40ea-af20-902249af844e','ca374ac3-84eb-4b91-bea7-9005398f426f'),
('6c6ae561-1835-4cea-a1e8-2e69d098a339','19d5ef58-5cfc-41fe-894c-acd705dc1325','428ee70f-3001-4399-95a6-ad25eaaede16'),
('6c6ae561-1835-4cea-a1e8-2e69d098a339','f6f70273-16a2-4dc7-aafc-9bc74215e713','428ee70f-3001-4399-95a6-ad25eaaede16'),
('6c6ae561-1835-4cea-a1e8-2e69d098a339','9b30ffad-dfcb-44ce-bdca-0ea49239a21a','428ee70f-3001-4399-95a6-ad25eaaede16'),
('6c6ae561-1835-4cea-a1e8-2e69d098a339','449a93d7-e705-4340-9936-c859644abd52','428ee70f-3001-4399-95a6-ad25eaaede16'),
('6c6ae561-1835-4cea-a1e8-2e69d098a339','55a9cf76-428d-4409-8a57-aaa523f3b631','428ee70f-3001-4399-95a6-ad25eaaede16'),
('15faf97f-63fd-4797-b4a6-c14d2de51062','19d5ef58-5cfc-41fe-894c-acd705dc1325','428ee70f-3001-4399-95a6-ad25eaaede16'),
('15faf97f-63fd-4797-b4a6-c14d2de51062','e7f199de-eee1-4f57-a8c9-69281ea6cd4d','428ee70f-3001-4399-95a6-ad25eaaede16'),
('3d8bb7af-99d3-479e-80ce-13811143f554','8f438eb1-4f5c-4c23-9436-2ef784fb2426','ca374ac3-84eb-4b91-bea7-9005398f426f'),
('6c3db62a-9eec-4ce1-9801-e25055ed3190','117832ca-f65e-4cce-9cdd-bdf666e740ea','8221a81c-08b2-4262-9c1a-0ab3c82cec8c'),
('6c3db62a-9eec-4ce1-9801-e25055ed3190','4fc163c9-f8fb-4cfd-b107-2cb13583ebf0','8221a81c-08b2-4262-9c1a-0ab3c82cec8c'),
('112f063d-b6ac-454e-9b53-5e6752c206cf','0541193e-ba84-46e7-973f-82a9900d7521','ca374ac3-84eb-4b91-bea7-9005398f426f'),
('112f063d-b6ac-454e-9b53-5e6752c206cf','d45e5b8f-7ae3-4fed-8c6b-73959cfc1190','ca374ac3-84eb-4b91-bea7-9005398f426f'),
('112f063d-b6ac-454e-9b53-5e6752c206cf','42077326-ca07-40ea-af20-902249af844e','ca374ac3-84eb-4b91-bea7-9005398f426f'),
('112f063d-b6ac-454e-9b53-5e6752c206cf','8f438eb1-4f5c-4c23-9436-2ef784fb2426','ca374ac3-84eb-4b91-bea7-9005398f426f'),
('dc3ad786-a5a1-448a-8495-a9a78a61a117','f6f70273-16a2-4dc7-aafc-9bc74215e713','428ee70f-3001-4399-95a6-ad25eaaede16'),
('dc3ad786-a5a1-448a-8495-a9a78a61a117','449a93d7-e705-4340-9936-c859644abd52','428ee70f-3001-4399-95a6-ad25eaaede16'),
('dc3ad786-a5a1-448a-8495-a9a78a61a117','301ead30-30a4-4c7c-8296-2768abfb59b5','428ee70f-3001-4399-95a6-ad25eaaede16'),
('f3fec826-d4c3-4358-9e85-a4a592edc0d5','2b6e54d3-1cf7-4fc7-aae2-2f338085feda','8221a81c-08b2-4262-9c1a-0ab3c82cec8c'),
('f3fec826-d4c3-4358-9e85-a4a592edc0d5','117832ca-f65e-4cce-9cdd-bdf666e740ea','8221a81c-08b2-4262-9c1a-0ab3c82cec8c'),
('f3fec826-d4c3-4358-9e85-a4a592edc0d5','6277c89b-28ca-49bd-8411-bf3d461a96f2','8221a81c-08b2-4262-9c1a-0ab3c82cec8c'),
('f3fec826-d4c3-4358-9e85-a4a592edc0d5','52a658f6-622b-491e-8085-cea58c9b015b','8221a81c-08b2-4262-9c1a-0ab3c82cec8c'),
('f3fec826-d4c3-4358-9e85-a4a592edc0d5','4fc163c9-f8fb-4cfd-b107-2cb13583ebf0','8221a81c-08b2-4262-9c1a-0ab3c82cec8c'),
('fc8d2e89-0565-4dfc-8e6b-47f9a6c86543','8f438eb1-4f5c-4c23-9436-2ef784fb2426','ca374ac3-84eb-4b91-bea7-9005398f426f'),
('fc8d2e89-0565-4dfc-8e6b-47f9a6c86543','d45e5b8f-7ae3-4fed-8c6b-73959cfc1190','ca374ac3-84eb-4b91-bea7-9005398f426f'),
('fc8d2e89-0565-4dfc-8e6b-47f9a6c86543','0541193e-ba84-46e7-973f-82a9900d7521','ca374ac3-84eb-4b91-bea7-9005398f426f'),
('fc8d2e89-0565-4dfc-8e6b-47f9a6c86543','42077326-ca07-40ea-af20-902249af844e','ca374ac3-84eb-4b91-bea7-9005398f426f'),
('e64503dd-1a86-4042-8996-9eafcc7121ce','8f438eb1-4f5c-4c23-9436-2ef784fb2426','ca374ac3-84eb-4b91-bea7-9005398f426f'),
('e64503dd-1a86-4042-8996-9eafcc7121ce','d45e5b8f-7ae3-4fed-8c6b-73959cfc1190','ca374ac3-84eb-4b91-bea7-9005398f426f'),
('e64503dd-1a86-4042-8996-9eafcc7121ce','42077326-ca07-40ea-af20-902249af844e','ca374ac3-84eb-4b91-bea7-9005398f426f'),
('91e81add-7d8e-4839-bbdb-c4046c90bc4e','19d5ef58-5cfc-41fe-894c-acd705dc1325','428ee70f-3001-4399-95a6-ad25eaaede16'),
('91e81add-7d8e-4839-bbdb-c4046c90bc4e','301ead30-30a4-4c7c-8296-2768abfb59b5','428ee70f-3001-4399-95a6-ad25eaaede16'),
('91e81add-7d8e-4839-bbdb-c4046c90bc4e','e7f199de-eee1-4f57-a8c9-69281ea6cd4d','428ee70f-3001-4399-95a6-ad25eaaede16'),
('91e81add-7d8e-4839-bbdb-c4046c90bc4e','9b30ffad-dfcb-44ce-bdca-0ea49239a21a','428ee70f-3001-4399-95a6-ad25eaaede16'),
('669e8eaa-5042-4e64-b932-7556f6a78f95','0541193e-ba84-46e7-973f-82a9900d7521','ca374ac3-84eb-4b91-bea7-9005398f426f'),
('669e8eaa-5042-4e64-b932-7556f6a78f95','d45e5b8f-7ae3-4fed-8c6b-73959cfc1190','ca374ac3-84eb-4b91-bea7-9005398f426f'),
('669e8eaa-5042-4e64-b932-7556f6a78f95','42077326-ca07-40ea-af20-902249af844e','ca374ac3-84eb-4b91-bea7-9005398f426f'),
('669e8eaa-5042-4e64-b932-7556f6a78f95','8f438eb1-4f5c-4c23-9436-2ef784fb2426','ca374ac3-84eb-4b91-bea7-9005398f426f'),
('35701e69-c164-4112-844f-f09783f31ffa','6277c89b-28ca-49bd-8411-bf3d461a96f2','8221a81c-08b2-4262-9c1a-0ab3c82cec8c'),
('b52f8974-f4e3-4b3e-9b47-f2629a5dd001','65924ac6-9724-455b-ad30-906936291421','428ee70f-3001-4399-95a6-ad25eaaede16'),
('b52f8974-f4e3-4b3e-9b47-f2629a5dd001','301ead30-30a4-4c7c-8296-2768abfb59b5','428ee70f-3001-4399-95a6-ad25eaaede16'),
('390304b8-ab33-4fe1-9a93-ee2569c522f3','2b6e54d3-1cf7-4fc7-aae2-2f338085feda','8221a81c-08b2-4262-9c1a-0ab3c82cec8c'),
('390304b8-ab33-4fe1-9a93-ee2569c522f3','4fc163c9-f8fb-4cfd-b107-2cb13583ebf0','8221a81c-08b2-4262-9c1a-0ab3c82cec8c'),
('390304b8-ab33-4fe1-9a93-ee2569c522f3','6277c89b-28ca-49bd-8411-bf3d461a96f2','8221a81c-08b2-4262-9c1a-0ab3c82cec8c'),
('390304b8-ab33-4fe1-9a93-ee2569c522f3','ce7a55cc-d179-49d8-b7ab-6e8d93024ead','8221a81c-08b2-4262-9c1a-0ab3c82cec8c'),
('4ec61ff2-b363-4c61-a55f-30d11305d588','4fc163c9-f8fb-4cfd-b107-2cb13583ebf0','8221a81c-08b2-4262-9c1a-0ab3c82cec8c'),
('4ec61ff2-b363-4c61-a55f-30d11305d588','52a658f6-622b-491e-8085-cea58c9b015b','8221a81c-08b2-4262-9c1a-0ab3c82cec8c'),
('4ec61ff2-b363-4c61-a55f-30d11305d588','2b6e54d3-1cf7-4fc7-aae2-2f338085feda','8221a81c-08b2-4262-9c1a-0ab3c82cec8c'),
('4ec61ff2-b363-4c61-a55f-30d11305d588','ce7a55cc-d179-49d8-b7ab-6e8d93024ead','8221a81c-08b2-4262-9c1a-0ab3c82cec8c'),
('4ec61ff2-b363-4c61-a55f-30d11305d588','117832ca-f65e-4cce-9cdd-bdf666e740ea','8221a81c-08b2-4262-9c1a-0ab3c82cec8c'),
('fc18c092-4fd0-4ce6-a987-5ae3f82be7d2','8f438eb1-4f5c-4c23-9436-2ef784fb2426','ca374ac3-84eb-4b91-bea7-9005398f426f'),
('fc18c092-4fd0-4ce6-a987-5ae3f82be7d2','0541193e-ba84-46e7-973f-82a9900d7521','ca374ac3-84eb-4b91-bea7-9005398f426f'),
('fc18c092-4fd0-4ce6-a987-5ae3f82be7d2','d45e5b8f-7ae3-4fed-8c6b-73959cfc1190','ca374ac3-84eb-4b91-bea7-9005398f426f'),
('41a5243c-187a-4399-bd64-086606b7b3b0','f6f70273-16a2-4dc7-aafc-9bc74215e713','428ee70f-3001-4399-95a6-ad25eaaede16'),
('41a5243c-187a-4399-bd64-086606b7b3b0','e7f199de-eee1-4f57-a8c9-69281ea6cd4d','428ee70f-3001-4399-95a6-ad25eaaede16'),
('9306ffcd-aacf-453b-8112-6562b1bd49b8','e7f199de-eee1-4f57-a8c9-69281ea6cd4d','428ee70f-3001-4399-95a6-ad25eaaede16'),
('9306ffcd-aacf-453b-8112-6562b1bd49b8','301ead30-30a4-4c7c-8296-2768abfb59b5','428ee70f-3001-4399-95a6-ad25eaaede16'),
('9306ffcd-aacf-453b-8112-6562b1bd49b8','9b30ffad-dfcb-44ce-bdca-0ea49239a21a','428ee70f-3001-4399-95a6-ad25eaaede16'),
('2e4c71a9-fc09-4b1a-bcfa-2394a2cf0607','6277c89b-28ca-49bd-8411-bf3d461a96f2','8221a81c-08b2-4262-9c1a-0ab3c82cec8c'),
('2e4c71a9-fc09-4b1a-bcfa-2394a2cf0607','52a658f6-622b-491e-8085-cea58c9b015b','8221a81c-08b2-4262-9c1a-0ab3c82cec8c'),
('2e4c71a9-fc09-4b1a-bcfa-2394a2cf0607','ce7a55cc-d179-49d8-b7ab-6e8d93024ead','8221a81c-08b2-4262-9c1a-0ab3c82cec8c'),
('2e4c71a9-fc09-4b1a-bcfa-2394a2cf0607','4fc163c9-f8fb-4cfd-b107-2cb13583ebf0','8221a81c-08b2-4262-9c1a-0ab3c82cec8c'),
('2e4c71a9-fc09-4b1a-bcfa-2394a2cf0607','117832ca-f65e-4cce-9cdd-bdf666e740ea','8221a81c-08b2-4262-9c1a-0ab3c82cec8c'),
('2e4c71a9-fc09-4b1a-bcfa-2394a2cf0607','2b6e54d3-1cf7-4fc7-aae2-2f338085feda','8221a81c-08b2-4262-9c1a-0ab3c82cec8c'),
('80cca217-24b3-4d21-b2db-eb0db59becec','0541193e-ba84-46e7-973f-82a9900d7521','ca374ac3-84eb-4b91-bea7-9005398f426f'),
('d64983b3-9a55-4ba5-97fc-264da8f10d04','0541193e-ba84-46e7-973f-82a9900d7521','ca374ac3-84eb-4b91-bea7-9005398f426f'),
('d64983b3-9a55-4ba5-97fc-264da8f10d04','d45e5b8f-7ae3-4fed-8c6b-73959cfc1190','ca374ac3-84eb-4b91-bea7-9005398f426f'),
('d64983b3-9a55-4ba5-97fc-264da8f10d04','42077326-ca07-40ea-af20-902249af844e','ca374ac3-84eb-4b91-bea7-9005398f426f'),
('d64983b3-9a55-4ba5-97fc-264da8f10d04','8f438eb1-4f5c-4c23-9436-2ef784fb2426','ca374ac3-84eb-4b91-bea7-9005398f426f'),
('5870a20c-6ed6-422c-a275-f23388a38e78','ce7a55cc-d179-49d8-b7ab-6e8d93024ead','8221a81c-08b2-4262-9c1a-0ab3c82cec8c'),
('f1d2a1e0-91bf-49d9-a7c5-6ab8f674c9ea','d45e5b8f-7ae3-4fed-8c6b-73959cfc1190','ca374ac3-84eb-4b91-bea7-9005398f426f'),
('f1d2a1e0-91bf-49d9-a7c5-6ab8f674c9ea','0541193e-ba84-46e7-973f-82a9900d7521','ca374ac3-84eb-4b91-bea7-9005398f426f'),
('c20c32c3-9517-4914-8261-171cd7f0c10e','117832ca-f65e-4cce-9cdd-bdf666e740ea','8221a81c-08b2-4262-9c1a-0ab3c82cec8c'),
('9b59d553-36f8-4b80-b8a7-dc341cf89da6','e7f199de-eee1-4f57-a8c9-69281ea6cd4d','428ee70f-3001-4399-95a6-ad25eaaede16'),
('9b59d553-36f8-4b80-b8a7-dc341cf89da6','f6f70273-16a2-4dc7-aafc-9bc74215e713','428ee70f-3001-4399-95a6-ad25eaaede16'),
('9b59d553-36f8-4b80-b8a7-dc341cf89da6','65924ac6-9724-455b-ad30-906936291421','428ee70f-3001-4399-95a6-ad25eaaede16'),
('9b59d553-36f8-4b80-b8a7-dc341cf89da6','55a9cf76-428d-4409-8a57-aaa523f3b631','428ee70f-3001-4399-95a6-ad25eaaede16'),
('9b59d553-36f8-4b80-b8a7-dc341cf89da6','301ead30-30a4-4c7c-8296-2768abfb59b5','428ee70f-3001-4399-95a6-ad25eaaede16'),
('9b59d553-36f8-4b80-b8a7-dc341cf89da6','9b30ffad-dfcb-44ce-bdca-0ea49239a21a','428ee70f-3001-4399-95a6-ad25eaaede16'),
('9b59d553-36f8-4b80-b8a7-dc341cf89da6','449a93d7-e705-4340-9936-c859644abd52','428ee70f-3001-4399-95a6-ad25eaaede16'),
('d4500104-95e9-4601-9b8b-bbac2b3d00c2','55a9cf76-428d-4409-8a57-aaa523f3b631','428ee70f-3001-4399-95a6-ad25eaaede16'),
('d4500104-95e9-4601-9b8b-bbac2b3d00c2','e7f199de-eee1-4f57-a8c9-69281ea6cd4d','428ee70f-3001-4399-95a6-ad25eaaede16'),
('d4500104-95e9-4601-9b8b-bbac2b3d00c2','f6f70273-16a2-4dc7-aafc-9bc74215e713','428ee70f-3001-4399-95a6-ad25eaaede16'),
('d4500104-95e9-4601-9b8b-bbac2b3d00c2','449a93d7-e705-4340-9936-c859644abd52','428ee70f-3001-4399-95a6-ad25eaaede16'),
('d4500104-95e9-4601-9b8b-bbac2b3d00c2','65924ac6-9724-455b-ad30-906936291421','428ee70f-3001-4399-95a6-ad25eaaede16'),
('d4500104-95e9-4601-9b8b-bbac2b3d00c2','301ead30-30a4-4c7c-8296-2768abfb59b5','428ee70f-3001-4399-95a6-ad25eaaede16'),
('d4500104-95e9-4601-9b8b-bbac2b3d00c2','19d5ef58-5cfc-41fe-894c-acd705dc1325','428ee70f-3001-4399-95a6-ad25eaaede16'),
('d4500104-95e9-4601-9b8b-bbac2b3d00c2','9b30ffad-dfcb-44ce-bdca-0ea49239a21a','428ee70f-3001-4399-95a6-ad25eaaede16'),
('0593471d-f604-47b9-af8f-1c2edf95c291','42077326-ca07-40ea-af20-902249af844e','ca374ac3-84eb-4b91-bea7-9005398f426f'),
('23180636-e407-429e-b8ab-df90b75ed753','9b30ffad-dfcb-44ce-bdca-0ea49239a21a','428ee70f-3001-4399-95a6-ad25eaaede16'),
('23180636-e407-429e-b8ab-df90b75ed753','e7f199de-eee1-4f57-a8c9-69281ea6cd4d','428ee70f-3001-4399-95a6-ad25eaaede16'),
('23180636-e407-429e-b8ab-df90b75ed753','55a9cf76-428d-4409-8a57-aaa523f3b631','428ee70f-3001-4399-95a6-ad25eaaede16'),
('d4e09c4b-c54d-4190-81e6-33a06be3239a','19d5ef58-5cfc-41fe-894c-acd705dc1325','428ee70f-3001-4399-95a6-ad25eaaede16'),
('d4e09c4b-c54d-4190-81e6-33a06be3239a','55a9cf76-428d-4409-8a57-aaa523f3b631','428ee70f-3001-4399-95a6-ad25eaaede16'),
('d4e09c4b-c54d-4190-81e6-33a06be3239a','f6f70273-16a2-4dc7-aafc-9bc74215e713','428ee70f-3001-4399-95a6-ad25eaaede16'),
('d4e09c4b-c54d-4190-81e6-33a06be3239a','9b30ffad-dfcb-44ce-bdca-0ea49239a21a','428ee70f-3001-4399-95a6-ad25eaaede16'),
('d4e09c4b-c54d-4190-81e6-33a06be3239a','301ead30-30a4-4c7c-8296-2768abfb59b5','428ee70f-3001-4399-95a6-ad25eaaede16'),
('d4e09c4b-c54d-4190-81e6-33a06be3239a','449a93d7-e705-4340-9936-c859644abd52','428ee70f-3001-4399-95a6-ad25eaaede16'),
('d4e09c4b-c54d-4190-81e6-33a06be3239a','65924ac6-9724-455b-ad30-906936291421','428ee70f-3001-4399-95a6-ad25eaaede16'),
('d4e09c4b-c54d-4190-81e6-33a06be3239a','e7f199de-eee1-4f57-a8c9-69281ea6cd4d','428ee70f-3001-4399-95a6-ad25eaaede16'),
('07a92317-5f66-4017-b4ad-4d0ab0e672a4','8f438eb1-4f5c-4c23-9436-2ef784fb2426','ca374ac3-84eb-4b91-bea7-9005398f426f'),
('c2e53b09-bcdd-46f9-87b9-faab5201ea0d','0541193e-ba84-46e7-973f-82a9900d7521','ca374ac3-84eb-4b91-bea7-9005398f426f'),
('42b2e0a0-0990-434c-8fd2-ee5ca0c3806f','d45e5b8f-7ae3-4fed-8c6b-73959cfc1190','ca374ac3-84eb-4b91-bea7-9005398f426f'),
('42b2e0a0-0990-434c-8fd2-ee5ca0c3806f','8f438eb1-4f5c-4c23-9436-2ef784fb2426','ca374ac3-84eb-4b91-bea7-9005398f426f'),
('42b2e0a0-0990-434c-8fd2-ee5ca0c3806f','0541193e-ba84-46e7-973f-82a9900d7521','ca374ac3-84eb-4b91-bea7-9005398f426f'),
('42b2e0a0-0990-434c-8fd2-ee5ca0c3806f','42077326-ca07-40ea-af20-902249af844e','ca374ac3-84eb-4b91-bea7-9005398f426f'),
('0ee17b79-0edf-41c9-a7e5-a79fc6e8a3f2','d45e5b8f-7ae3-4fed-8c6b-73959cfc1190','ca374ac3-84eb-4b91-bea7-9005398f426f'),
('0ee17b79-0edf-41c9-a7e5-a79fc6e8a3f2','42077326-ca07-40ea-af20-902249af844e','ca374ac3-84eb-4b91-bea7-9005398f426f'),
('2856f243-e273-4fa9-a384-1191a8238551','2b6e54d3-1cf7-4fc7-aae2-2f338085feda','8221a81c-08b2-4262-9c1a-0ab3c82cec8c'),
('2856f243-e273-4fa9-a384-1191a8238551','4fc163c9-f8fb-4cfd-b107-2cb13583ebf0','8221a81c-08b2-4262-9c1a-0ab3c82cec8c'),
('46ef4347-adb9-4e01-bc29-ee22e06dd9fe','0541193e-ba84-46e7-973f-82a9900d7521','ca374ac3-84eb-4b91-bea7-9005398f426f'),
('46ef4347-adb9-4e01-bc29-ee22e06dd9fe','42077326-ca07-40ea-af20-902249af844e','ca374ac3-84eb-4b91-bea7-9005398f426f'),
('46ef4347-adb9-4e01-bc29-ee22e06dd9fe','d45e5b8f-7ae3-4fed-8c6b-73959cfc1190','ca374ac3-84eb-4b91-bea7-9005398f426f'),
('9cc9c6a9-657f-4162-b8f8-8e0f708c5e4a','52a658f6-622b-491e-8085-cea58c9b015b','8221a81c-08b2-4262-9c1a-0ab3c82cec8c'),
('9cc9c6a9-657f-4162-b8f8-8e0f708c5e4a','6277c89b-28ca-49bd-8411-bf3d461a96f2','8221a81c-08b2-4262-9c1a-0ab3c82cec8c'),
('9cc9c6a9-657f-4162-b8f8-8e0f708c5e4a','2b6e54d3-1cf7-4fc7-aae2-2f338085feda','8221a81c-08b2-4262-9c1a-0ab3c82cec8c'),
('9cc9c6a9-657f-4162-b8f8-8e0f708c5e4a','117832ca-f65e-4cce-9cdd-bdf666e740ea','8221a81c-08b2-4262-9c1a-0ab3c82cec8c'),
('9cc9c6a9-657f-4162-b8f8-8e0f708c5e4a','4fc163c9-f8fb-4cfd-b107-2cb13583ebf0','8221a81c-08b2-4262-9c1a-0ab3c82cec8c'),
('6d7d88f3-860a-44d9-b534-a97f250319dc','e7f199de-eee1-4f57-a8c9-69281ea6cd4d','428ee70f-3001-4399-95a6-ad25eaaede16'),
('6d7d88f3-860a-44d9-b534-a97f250319dc','65924ac6-9724-455b-ad30-906936291421','428ee70f-3001-4399-95a6-ad25eaaede16'),
('3ea475ae-a2e0-4286-a11b-7b2b673fd1f2','42077326-ca07-40ea-af20-902249af844e','ca374ac3-84eb-4b91-bea7-9005398f426f'),
('d9cf2a4c-2285-4bee-a6a7-a2ded6e55344','4fc163c9-f8fb-4cfd-b107-2cb13583ebf0','8221a81c-08b2-4262-9c1a-0ab3c82cec8c'),
('d9cf2a4c-2285-4bee-a6a7-a2ded6e55344','ce7a55cc-d179-49d8-b7ab-6e8d93024ead','8221a81c-08b2-4262-9c1a-0ab3c82cec8c'),
('9a50bd5c-cd86-45c7-8a0d-808c2d267d71','ce7a55cc-d179-49d8-b7ab-6e8d93024ead','8221a81c-08b2-4262-9c1a-0ab3c82cec8c'),
('9a50bd5c-cd86-45c7-8a0d-808c2d267d71','52a658f6-622b-491e-8085-cea58c9b015b','8221a81c-08b2-4262-9c1a-0ab3c82cec8c'),
('9a50bd5c-cd86-45c7-8a0d-808c2d267d71','6277c89b-28ca-49bd-8411-bf3d461a96f2','8221a81c-08b2-4262-9c1a-0ab3c82cec8c'),
('9a50bd5c-cd86-45c7-8a0d-808c2d267d71','4fc163c9-f8fb-4cfd-b107-2cb13583ebf0','8221a81c-08b2-4262-9c1a-0ab3c82cec8c'),
('62a1ddf4-99b3-479f-9b93-d5a7eb68d1dc','4fc163c9-f8fb-4cfd-b107-2cb13583ebf0','8221a81c-08b2-4262-9c1a-0ab3c82cec8c'),
('62a1ddf4-99b3-479f-9b93-d5a7eb68d1dc','52a658f6-622b-491e-8085-cea58c9b015b','8221a81c-08b2-4262-9c1a-0ab3c82cec8c'),
('5f87963e-475e-4842-ab31-6aea981283c1','52a658f6-622b-491e-8085-cea58c9b015b','8221a81c-08b2-4262-9c1a-0ab3c82cec8c'),
('5f87963e-475e-4842-ab31-6aea981283c1','ce7a55cc-d179-49d8-b7ab-6e8d93024ead','8221a81c-08b2-4262-9c1a-0ab3c82cec8c'),
('5f87963e-475e-4842-ab31-6aea981283c1','6277c89b-28ca-49bd-8411-bf3d461a96f2','8221a81c-08b2-4262-9c1a-0ab3c82cec8c'),
('5f87963e-475e-4842-ab31-6aea981283c1','2b6e54d3-1cf7-4fc7-aae2-2f338085feda','8221a81c-08b2-4262-9c1a-0ab3c82cec8c'),
('a8e49d1a-f42e-4dc1-aa0b-bd9b44008de3','55a9cf76-428d-4409-8a57-aaa523f3b631','428ee70f-3001-4399-95a6-ad25eaaede16'),
('a8e49d1a-f42e-4dc1-aa0b-bd9b44008de3','19d5ef58-5cfc-41fe-894c-acd705dc1325','428ee70f-3001-4399-95a6-ad25eaaede16'),
('a8e49d1a-f42e-4dc1-aa0b-bd9b44008de3','e7f199de-eee1-4f57-a8c9-69281ea6cd4d','428ee70f-3001-4399-95a6-ad25eaaede16'),
('a8e49d1a-f42e-4dc1-aa0b-bd9b44008de3','f6f70273-16a2-4dc7-aafc-9bc74215e713','428ee70f-3001-4399-95a6-ad25eaaede16'),
('a8e49d1a-f42e-4dc1-aa0b-bd9b44008de3','449a93d7-e705-4340-9936-c859644abd52','428ee70f-3001-4399-95a6-ad25eaaede16'),
('a8e49d1a-f42e-4dc1-aa0b-bd9b44008de3','65924ac6-9724-455b-ad30-906936291421','428ee70f-3001-4399-95a6-ad25eaaede16'),
('a8e49d1a-f42e-4dc1-aa0b-bd9b44008de3','9b30ffad-dfcb-44ce-bdca-0ea49239a21a','428ee70f-3001-4399-95a6-ad25eaaede16'),
('3305f080-9fd3-4fcc-86b8-de31b9d438e6','d45e5b8f-7ae3-4fed-8c6b-73959cfc1190','ca374ac3-84eb-4b91-bea7-9005398f426f'),
('3305f080-9fd3-4fcc-86b8-de31b9d438e6','42077326-ca07-40ea-af20-902249af844e','ca374ac3-84eb-4b91-bea7-9005398f426f'),
('3305f080-9fd3-4fcc-86b8-de31b9d438e6','8f438eb1-4f5c-4c23-9436-2ef784fb2426','ca374ac3-84eb-4b91-bea7-9005398f426f'),
('502d6632-2ee2-471f-9f8e-2e6246a531ce','55a9cf76-428d-4409-8a57-aaa523f3b631','428ee70f-3001-4399-95a6-ad25eaaede16'),
('502d6632-2ee2-471f-9f8e-2e6246a531ce','301ead30-30a4-4c7c-8296-2768abfb59b5','428ee70f-3001-4399-95a6-ad25eaaede16'),
('502d6632-2ee2-471f-9f8e-2e6246a531ce','19d5ef58-5cfc-41fe-894c-acd705dc1325','428ee70f-3001-4399-95a6-ad25eaaede16'),
('502d6632-2ee2-471f-9f8e-2e6246a531ce','9b30ffad-dfcb-44ce-bdca-0ea49239a21a','428ee70f-3001-4399-95a6-ad25eaaede16'),
('502d6632-2ee2-471f-9f8e-2e6246a531ce','65924ac6-9724-455b-ad30-906936291421','428ee70f-3001-4399-95a6-ad25eaaede16'),
('aeaeedd0-c4f1-4156-b4d8-a54ba41f08ab','d45e5b8f-7ae3-4fed-8c6b-73959cfc1190','ca374ac3-84eb-4b91-bea7-9005398f426f'),
('aeaeedd0-c4f1-4156-b4d8-a54ba41f08ab','42077326-ca07-40ea-af20-902249af844e','ca374ac3-84eb-4b91-bea7-9005398f426f'),
('fafbd352-4617-4376-9544-27dc2af1190e','52a658f6-622b-491e-8085-cea58c9b015b','8221a81c-08b2-4262-9c1a-0ab3c82cec8c'),
('fafbd352-4617-4376-9544-27dc2af1190e','2b6e54d3-1cf7-4fc7-aae2-2f338085feda','8221a81c-08b2-4262-9c1a-0ab3c82cec8c'),
('fafbd352-4617-4376-9544-27dc2af1190e','117832ca-f65e-4cce-9cdd-bdf666e740ea','8221a81c-08b2-4262-9c1a-0ab3c82cec8c'),
('fafbd352-4617-4376-9544-27dc2af1190e','ce7a55cc-d179-49d8-b7ab-6e8d93024ead','8221a81c-08b2-4262-9c1a-0ab3c82cec8c'),
('fafbd352-4617-4376-9544-27dc2af1190e','4fc163c9-f8fb-4cfd-b107-2cb13583ebf0','8221a81c-08b2-4262-9c1a-0ab3c82cec8c'),
('30c241ca-a298-4bd3-b8e8-c5133bfa9bc6','8f438eb1-4f5c-4c23-9436-2ef784fb2426','ca374ac3-84eb-4b91-bea7-9005398f426f'),
('30c241ca-a298-4bd3-b8e8-c5133bfa9bc6','42077326-ca07-40ea-af20-902249af844e','ca374ac3-84eb-4b91-bea7-9005398f426f'),
('08b1a748-a575-4516-98da-7e41771e20ef','0541193e-ba84-46e7-973f-82a9900d7521','ca374ac3-84eb-4b91-bea7-9005398f426f'),
('08b1a748-a575-4516-98da-7e41771e20ef','d45e5b8f-7ae3-4fed-8c6b-73959cfc1190','ca374ac3-84eb-4b91-bea7-9005398f426f'),
('08b1a748-a575-4516-98da-7e41771e20ef','42077326-ca07-40ea-af20-902249af844e','ca374ac3-84eb-4b91-bea7-9005398f426f'),
('5cde6449-6bed-49c3-8ca9-c39c1e299105','8f438eb1-4f5c-4c23-9436-2ef784fb2426','ca374ac3-84eb-4b91-bea7-9005398f426f'),
('5cde6449-6bed-49c3-8ca9-c39c1e299105','d45e5b8f-7ae3-4fed-8c6b-73959cfc1190','ca374ac3-84eb-4b91-bea7-9005398f426f'),
('17e362f0-532f-415c-a720-331de9582c33','19d5ef58-5cfc-41fe-894c-acd705dc1325','428ee70f-3001-4399-95a6-ad25eaaede16'),
('1833b3ab-4130-4985-9c52-df8e989047db','4fc163c9-f8fb-4cfd-b107-2cb13583ebf0','8221a81c-08b2-4262-9c1a-0ab3c82cec8c'),
('1833b3ab-4130-4985-9c52-df8e989047db','2b6e54d3-1cf7-4fc7-aae2-2f338085feda','8221a81c-08b2-4262-9c1a-0ab3c82cec8c'),
('fae68dfa-4f6f-4183-a174-9a8d6a9702ec','4fc163c9-f8fb-4cfd-b107-2cb13583ebf0','8221a81c-08b2-4262-9c1a-0ab3c82cec8c'),
('fae68dfa-4f6f-4183-a174-9a8d6a9702ec','52a658f6-622b-491e-8085-cea58c9b015b','8221a81c-08b2-4262-9c1a-0ab3c82cec8c'),
('f72f950d-d06b-4d43-abbf-5fab3f3642f1','d45e5b8f-7ae3-4fed-8c6b-73959cfc1190','ca374ac3-84eb-4b91-bea7-9005398f426f'),
('d772257f-1a12-4463-899e-c166758fc713','e7f199de-eee1-4f57-a8c9-69281ea6cd4d','428ee70f-3001-4399-95a6-ad25eaaede16'),
('95b2ac47-a7e2-433f-a2b7-65bcee7e957b','8f438eb1-4f5c-4c23-9436-2ef784fb2426','ca374ac3-84eb-4b91-bea7-9005398f426f'),
('a52f72ed-e8db-41b7-ae73-e72d206cce30','19d5ef58-5cfc-41fe-894c-acd705dc1325','428ee70f-3001-4399-95a6-ad25eaaede16'),
('a52f72ed-e8db-41b7-ae73-e72d206cce30','f6f70273-16a2-4dc7-aafc-9bc74215e713','428ee70f-3001-4399-95a6-ad25eaaede16'),
('a52f72ed-e8db-41b7-ae73-e72d206cce30','9b30ffad-dfcb-44ce-bdca-0ea49239a21a','428ee70f-3001-4399-95a6-ad25eaaede16'),
('a52f72ed-e8db-41b7-ae73-e72d206cce30','449a93d7-e705-4340-9936-c859644abd52','428ee70f-3001-4399-95a6-ad25eaaede16'),
('a52f72ed-e8db-41b7-ae73-e72d206cce30','301ead30-30a4-4c7c-8296-2768abfb59b5','428ee70f-3001-4399-95a6-ad25eaaede16'),
('a52f72ed-e8db-41b7-ae73-e72d206cce30','e7f199de-eee1-4f57-a8c9-69281ea6cd4d','428ee70f-3001-4399-95a6-ad25eaaede16'),
('57d3b528-5582-44ed-9e90-091b4372de79','6277c89b-28ca-49bd-8411-bf3d461a96f2','8221a81c-08b2-4262-9c1a-0ab3c82cec8c'),
('57d3b528-5582-44ed-9e90-091b4372de79','4fc163c9-f8fb-4cfd-b107-2cb13583ebf0','8221a81c-08b2-4262-9c1a-0ab3c82cec8c'),
('57d3b528-5582-44ed-9e90-091b4372de79','ce7a55cc-d179-49d8-b7ab-6e8d93024ead','8221a81c-08b2-4262-9c1a-0ab3c82cec8c'),
('57d3b528-5582-44ed-9e90-091b4372de79','117832ca-f65e-4cce-9cdd-bdf666e740ea','8221a81c-08b2-4262-9c1a-0ab3c82cec8c'),
('57d3b528-5582-44ed-9e90-091b4372de79','2b6e54d3-1cf7-4fc7-aae2-2f338085feda','8221a81c-08b2-4262-9c1a-0ab3c82cec8c'),
('57d3b528-5582-44ed-9e90-091b4372de79','52a658f6-622b-491e-8085-cea58c9b015b','8221a81c-08b2-4262-9c1a-0ab3c82cec8c'),
('ce5bf5fd-b5e6-46be-938b-54b32f864866','0541193e-ba84-46e7-973f-82a9900d7521','ca374ac3-84eb-4b91-bea7-9005398f426f'),
('ce5bf5fd-b5e6-46be-938b-54b32f864866','42077326-ca07-40ea-af20-902249af844e','ca374ac3-84eb-4b91-bea7-9005398f426f'),
('ce5bf5fd-b5e6-46be-938b-54b32f864866','d45e5b8f-7ae3-4fed-8c6b-73959cfc1190','ca374ac3-84eb-4b91-bea7-9005398f426f'),
('9dbfbc8e-5fe6-4d5e-b36d-f480d12ddc7d','19d5ef58-5cfc-41fe-894c-acd705dc1325','428ee70f-3001-4399-95a6-ad25eaaede16'),
('9dbfbc8e-5fe6-4d5e-b36d-f480d12ddc7d','449a93d7-e705-4340-9936-c859644abd52','428ee70f-3001-4399-95a6-ad25eaaede16'),
('9dbfbc8e-5fe6-4d5e-b36d-f480d12ddc7d','55a9cf76-428d-4409-8a57-aaa523f3b631','428ee70f-3001-4399-95a6-ad25eaaede16'),
('9dbfbc8e-5fe6-4d5e-b36d-f480d12ddc7d','65924ac6-9724-455b-ad30-906936291421','428ee70f-3001-4399-95a6-ad25eaaede16'),
('9dbfbc8e-5fe6-4d5e-b36d-f480d12ddc7d','f6f70273-16a2-4dc7-aafc-9bc74215e713','428ee70f-3001-4399-95a6-ad25eaaede16'),
('9dbfbc8e-5fe6-4d5e-b36d-f480d12ddc7d','301ead30-30a4-4c7c-8296-2768abfb59b5','428ee70f-3001-4399-95a6-ad25eaaede16'),
('abb843ae-764a-4221-908e-e045d7f71dde','2b6e54d3-1cf7-4fc7-aae2-2f338085feda','8221a81c-08b2-4262-9c1a-0ab3c82cec8c'),
('abb843ae-764a-4221-908e-e045d7f71dde','6277c89b-28ca-49bd-8411-bf3d461a96f2','8221a81c-08b2-4262-9c1a-0ab3c82cec8c'),
('abb843ae-764a-4221-908e-e045d7f71dde','ce7a55cc-d179-49d8-b7ab-6e8d93024ead','8221a81c-08b2-4262-9c1a-0ab3c82cec8c'),
('abb843ae-764a-4221-908e-e045d7f71dde','117832ca-f65e-4cce-9cdd-bdf666e740ea','8221a81c-08b2-4262-9c1a-0ab3c82cec8c'),
('d293b09b-e9d0-45ef-a444-c7bf7670ce9b','8f438eb1-4f5c-4c23-9436-2ef784fb2426','ca374ac3-84eb-4b91-bea7-9005398f426f'),
('d293b09b-e9d0-45ef-a444-c7bf7670ce9b','0541193e-ba84-46e7-973f-82a9900d7521','ca374ac3-84eb-4b91-bea7-9005398f426f'),
('e7726717-10e4-412f-b464-b3f98c210e60','42077326-ca07-40ea-af20-902249af844e','ca374ac3-84eb-4b91-bea7-9005398f426f'),
('e7726717-10e4-412f-b464-b3f98c210e60','8f438eb1-4f5c-4c23-9436-2ef784fb2426','ca374ac3-84eb-4b91-bea7-9005398f426f'),
('e7726717-10e4-412f-b464-b3f98c210e60','0541193e-ba84-46e7-973f-82a9900d7521','ca374ac3-84eb-4b91-bea7-9005398f426f'),
('e7726717-10e4-412f-b464-b3f98c210e60','d45e5b8f-7ae3-4fed-8c6b-73959cfc1190','ca374ac3-84eb-4b91-bea7-9005398f426f'),
('9e9803a0-14a5-408d-9560-b9a60b1e915b','8f438eb1-4f5c-4c23-9436-2ef784fb2426','ca374ac3-84eb-4b91-bea7-9005398f426f'),
('9e9803a0-14a5-408d-9560-b9a60b1e915b','0541193e-ba84-46e7-973f-82a9900d7521','ca374ac3-84eb-4b91-bea7-9005398f426f'),
('9e9803a0-14a5-408d-9560-b9a60b1e915b','42077326-ca07-40ea-af20-902249af844e','ca374ac3-84eb-4b91-bea7-9005398f426f'),
('0995695e-dc16-4ff6-90a1-957e7f30bf2c','2b6e54d3-1cf7-4fc7-aae2-2f338085feda','8221a81c-08b2-4262-9c1a-0ab3c82cec8c'),
('0995695e-dc16-4ff6-90a1-957e7f30bf2c','6277c89b-28ca-49bd-8411-bf3d461a96f2','8221a81c-08b2-4262-9c1a-0ab3c82cec8c'),
('4f3137aa-47d5-4277-bfd7-a73e9feca11c','d45e5b8f-7ae3-4fed-8c6b-73959cfc1190','ca374ac3-84eb-4b91-bea7-9005398f426f'),
('4f3137aa-47d5-4277-bfd7-a73e9feca11c','8f438eb1-4f5c-4c23-9436-2ef784fb2426','ca374ac3-84eb-4b91-bea7-9005398f426f'),
('26cfa007-df99-493a-9b2c-9b0bc9864bb3','42077326-ca07-40ea-af20-902249af844e','ca374ac3-84eb-4b91-bea7-9005398f426f'),
('26cfa007-df99-493a-9b2c-9b0bc9864bb3','0541193e-ba84-46e7-973f-82a9900d7521','ca374ac3-84eb-4b91-bea7-9005398f426f'),
('970b5549-d879-43f5-848a-37dab0a9adb6','0541193e-ba84-46e7-973f-82a9900d7521','ca374ac3-84eb-4b91-bea7-9005398f426f'),
('970b5549-d879-43f5-848a-37dab0a9adb6','d45e5b8f-7ae3-4fed-8c6b-73959cfc1190','ca374ac3-84eb-4b91-bea7-9005398f426f'),
('970b5549-d879-43f5-848a-37dab0a9adb6','42077326-ca07-40ea-af20-902249af844e','ca374ac3-84eb-4b91-bea7-9005398f426f'),
('970b5549-d879-43f5-848a-37dab0a9adb6','8f438eb1-4f5c-4c23-9436-2ef784fb2426','ca374ac3-84eb-4b91-bea7-9005398f426f'),
('e86b49b9-06a0-4d75-82a6-13f2295682aa','8f438eb1-4f5c-4c23-9436-2ef784fb2426','ca374ac3-84eb-4b91-bea7-9005398f426f'),
('e86b49b9-06a0-4d75-82a6-13f2295682aa','42077326-ca07-40ea-af20-902249af844e','ca374ac3-84eb-4b91-bea7-9005398f426f'),
('042655de-8c9f-459d-a563-78759bae79a6','d45e5b8f-7ae3-4fed-8c6b-73959cfc1190','ca374ac3-84eb-4b91-bea7-9005398f426f'),
('1651a5f5-224c-4e70-9b73-7f5ee26581f9','9b30ffad-dfcb-44ce-bdca-0ea49239a21a','428ee70f-3001-4399-95a6-ad25eaaede16'),
('1651a5f5-224c-4e70-9b73-7f5ee26581f9','301ead30-30a4-4c7c-8296-2768abfb59b5','428ee70f-3001-4399-95a6-ad25eaaede16'),
('1651a5f5-224c-4e70-9b73-7f5ee26581f9','55a9cf76-428d-4409-8a57-aaa523f3b631','428ee70f-3001-4399-95a6-ad25eaaede16'),
('1651a5f5-224c-4e70-9b73-7f5ee26581f9','449a93d7-e705-4340-9936-c859644abd52','428ee70f-3001-4399-95a6-ad25eaaede16'),
('1651a5f5-224c-4e70-9b73-7f5ee26581f9','e7f199de-eee1-4f57-a8c9-69281ea6cd4d','428ee70f-3001-4399-95a6-ad25eaaede16'),
('1651a5f5-224c-4e70-9b73-7f5ee26581f9','19d5ef58-5cfc-41fe-894c-acd705dc1325','428ee70f-3001-4399-95a6-ad25eaaede16'),
('1651a5f5-224c-4e70-9b73-7f5ee26581f9','f6f70273-16a2-4dc7-aafc-9bc74215e713','428ee70f-3001-4399-95a6-ad25eaaede16'),
('8bd7f5a6-085d-4c70-9c13-66796f2d6ed3','8f438eb1-4f5c-4c23-9436-2ef784fb2426','ca374ac3-84eb-4b91-bea7-9005398f426f'),
('8bd7f5a6-085d-4c70-9c13-66796f2d6ed3','42077326-ca07-40ea-af20-902249af844e','ca374ac3-84eb-4b91-bea7-9005398f426f'),
('5ad57567-6c51-437e-82b8-16ca7b4fbcf4','42077326-ca07-40ea-af20-902249af844e','ca374ac3-84eb-4b91-bea7-9005398f426f'),
('0e08c92f-8de7-45fa-a71d-859101746008','55a9cf76-428d-4409-8a57-aaa523f3b631','428ee70f-3001-4399-95a6-ad25eaaede16'),
('0e08c92f-8de7-45fa-a71d-859101746008','19d5ef58-5cfc-41fe-894c-acd705dc1325','428ee70f-3001-4399-95a6-ad25eaaede16'),
('0e08c92f-8de7-45fa-a71d-859101746008','449a93d7-e705-4340-9936-c859644abd52','428ee70f-3001-4399-95a6-ad25eaaede16'),
('0e08c92f-8de7-45fa-a71d-859101746008','9b30ffad-dfcb-44ce-bdca-0ea49239a21a','428ee70f-3001-4399-95a6-ad25eaaede16'),
('0e08c92f-8de7-45fa-a71d-859101746008','301ead30-30a4-4c7c-8296-2768abfb59b5','428ee70f-3001-4399-95a6-ad25eaaede16'),
('0e08c92f-8de7-45fa-a71d-859101746008','65924ac6-9724-455b-ad30-906936291421','428ee70f-3001-4399-95a6-ad25eaaede16'),
('0e08c92f-8de7-45fa-a71d-859101746008','f6f70273-16a2-4dc7-aafc-9bc74215e713','428ee70f-3001-4399-95a6-ad25eaaede16'),
('4584ec44-c536-4fb8-a130-e303ffb6eeac','42077326-ca07-40ea-af20-902249af844e','ca374ac3-84eb-4b91-bea7-9005398f426f'),
('4584ec44-c536-4fb8-a130-e303ffb6eeac','d45e5b8f-7ae3-4fed-8c6b-73959cfc1190','ca374ac3-84eb-4b91-bea7-9005398f426f'),
('e2870d77-c434-4a19-8f46-e618d94e91aa','117832ca-f65e-4cce-9cdd-bdf666e740ea','8221a81c-08b2-4262-9c1a-0ab3c82cec8c'),
('e2870d77-c434-4a19-8f46-e618d94e91aa','4fc163c9-f8fb-4cfd-b107-2cb13583ebf0','8221a81c-08b2-4262-9c1a-0ab3c82cec8c'),
('e2870d77-c434-4a19-8f46-e618d94e91aa','52a658f6-622b-491e-8085-cea58c9b015b','8221a81c-08b2-4262-9c1a-0ab3c82cec8c'),
('e2870d77-c434-4a19-8f46-e618d94e91aa','2b6e54d3-1cf7-4fc7-aae2-2f338085feda','8221a81c-08b2-4262-9c1a-0ab3c82cec8c'),
('e2870d77-c434-4a19-8f46-e618d94e91aa','6277c89b-28ca-49bd-8411-bf3d461a96f2','8221a81c-08b2-4262-9c1a-0ab3c82cec8c'),
('0e0e051a-a654-49b9-ba2f-a5c24ab8c139','8f438eb1-4f5c-4c23-9436-2ef784fb2426','ca374ac3-84eb-4b91-bea7-9005398f426f'),
('4d430a3f-a56a-41b0-8b35-e2816a5daaf0','e7f199de-eee1-4f57-a8c9-69281ea6cd4d','428ee70f-3001-4399-95a6-ad25eaaede16'),
('4d430a3f-a56a-41b0-8b35-e2816a5daaf0','65924ac6-9724-455b-ad30-906936291421','428ee70f-3001-4399-95a6-ad25eaaede16'),
('4d430a3f-a56a-41b0-8b35-e2816a5daaf0','449a93d7-e705-4340-9936-c859644abd52','428ee70f-3001-4399-95a6-ad25eaaede16'),
('4d430a3f-a56a-41b0-8b35-e2816a5daaf0','301ead30-30a4-4c7c-8296-2768abfb59b5','428ee70f-3001-4399-95a6-ad25eaaede16'),
('4d430a3f-a56a-41b0-8b35-e2816a5daaf0','55a9cf76-428d-4409-8a57-aaa523f3b631','428ee70f-3001-4399-95a6-ad25eaaede16'),
('4d430a3f-a56a-41b0-8b35-e2816a5daaf0','9b30ffad-dfcb-44ce-bdca-0ea49239a21a','428ee70f-3001-4399-95a6-ad25eaaede16'),
('4d430a3f-a56a-41b0-8b35-e2816a5daaf0','f6f70273-16a2-4dc7-aafc-9bc74215e713','428ee70f-3001-4399-95a6-ad25eaaede16'),
('4763a1a4-4544-42c0-8cad-0efc995087a8','2b6e54d3-1cf7-4fc7-aae2-2f338085feda','8221a81c-08b2-4262-9c1a-0ab3c82cec8c'),
('4763a1a4-4544-42c0-8cad-0efc995087a8','4fc163c9-f8fb-4cfd-b107-2cb13583ebf0','8221a81c-08b2-4262-9c1a-0ab3c82cec8c'),
('4763a1a4-4544-42c0-8cad-0efc995087a8','6277c89b-28ca-49bd-8411-bf3d461a96f2','8221a81c-08b2-4262-9c1a-0ab3c82cec8c'),
('4763a1a4-4544-42c0-8cad-0efc995087a8','52a658f6-622b-491e-8085-cea58c9b015b','8221a81c-08b2-4262-9c1a-0ab3c82cec8c'),
('4763a1a4-4544-42c0-8cad-0efc995087a8','117832ca-f65e-4cce-9cdd-bdf666e740ea','8221a81c-08b2-4262-9c1a-0ab3c82cec8c'),
('4763a1a4-4544-42c0-8cad-0efc995087a8','ce7a55cc-d179-49d8-b7ab-6e8d93024ead','8221a81c-08b2-4262-9c1a-0ab3c82cec8c'),
('05303f2c-d316-4a2f-b332-e2f91a180e40','d45e5b8f-7ae3-4fed-8c6b-73959cfc1190','ca374ac3-84eb-4b91-bea7-9005398f426f'),
('be75dd08-ab9e-44e4-83ef-17a4907536bf','301ead30-30a4-4c7c-8296-2768abfb59b5','428ee70f-3001-4399-95a6-ad25eaaede16'),
('be75dd08-ab9e-44e4-83ef-17a4907536bf','e7f199de-eee1-4f57-a8c9-69281ea6cd4d','428ee70f-3001-4399-95a6-ad25eaaede16'),
('2b8e84c1-c5df-4080-ba61-4c7d9a22a689','42077326-ca07-40ea-af20-902249af844e','ca374ac3-84eb-4b91-bea7-9005398f426f'),
('2b8e84c1-c5df-4080-ba61-4c7d9a22a689','d45e5b8f-7ae3-4fed-8c6b-73959cfc1190','ca374ac3-84eb-4b91-bea7-9005398f426f'),
('8603bea4-659e-4395-891c-63933e1a13e4','8f438eb1-4f5c-4c23-9436-2ef784fb2426','ca374ac3-84eb-4b91-bea7-9005398f426f'),
('8603bea4-659e-4395-891c-63933e1a13e4','42077326-ca07-40ea-af20-902249af844e','ca374ac3-84eb-4b91-bea7-9005398f426f'),
('8603bea4-659e-4395-891c-63933e1a13e4','0541193e-ba84-46e7-973f-82a9900d7521','ca374ac3-84eb-4b91-bea7-9005398f426f'),
('8603bea4-659e-4395-891c-63933e1a13e4','d45e5b8f-7ae3-4fed-8c6b-73959cfc1190','ca374ac3-84eb-4b91-bea7-9005398f426f'),
('153eb40e-9d3d-45c5-9bca-f00dfa9d9ce9','301ead30-30a4-4c7c-8296-2768abfb59b5','428ee70f-3001-4399-95a6-ad25eaaede16'),
('153eb40e-9d3d-45c5-9bca-f00dfa9d9ce9','19d5ef58-5cfc-41fe-894c-acd705dc1325','428ee70f-3001-4399-95a6-ad25eaaede16'),
('902b02b5-a06c-4b36-bc64-c3302baca219','6277c89b-28ca-49bd-8411-bf3d461a96f2','8221a81c-08b2-4262-9c1a-0ab3c82cec8c'),
('902b02b5-a06c-4b36-bc64-c3302baca219','52a658f6-622b-491e-8085-cea58c9b015b','8221a81c-08b2-4262-9c1a-0ab3c82cec8c'),
('902b02b5-a06c-4b36-bc64-c3302baca219','4fc163c9-f8fb-4cfd-b107-2cb13583ebf0','8221a81c-08b2-4262-9c1a-0ab3c82cec8c'),
('902b02b5-a06c-4b36-bc64-c3302baca219','2b6e54d3-1cf7-4fc7-aae2-2f338085feda','8221a81c-08b2-4262-9c1a-0ab3c82cec8c'),
('902b02b5-a06c-4b36-bc64-c3302baca219','ce7a55cc-d179-49d8-b7ab-6e8d93024ead','8221a81c-08b2-4262-9c1a-0ab3c82cec8c'),
('a82856cd-6c6b-4470-9352-5da0f71df539','d45e5b8f-7ae3-4fed-8c6b-73959cfc1190','ca374ac3-84eb-4b91-bea7-9005398f426f'),
('a82856cd-6c6b-4470-9352-5da0f71df539','42077326-ca07-40ea-af20-902249af844e','ca374ac3-84eb-4b91-bea7-9005398f426f'),
('a82856cd-6c6b-4470-9352-5da0f71df539','8f438eb1-4f5c-4c23-9436-2ef784fb2426','ca374ac3-84eb-4b91-bea7-9005398f426f'),
('dce9699c-dfd4-4ae0-8eaf-87f921a52116','449a93d7-e705-4340-9936-c859644abd52','428ee70f-3001-4399-95a6-ad25eaaede16'),
('dce9699c-dfd4-4ae0-8eaf-87f921a52116','e7f199de-eee1-4f57-a8c9-69281ea6cd4d','428ee70f-3001-4399-95a6-ad25eaaede16'),
('53ac48a2-efbe-44b3-a276-fffea00e84e3','117832ca-f65e-4cce-9cdd-bdf666e740ea','8221a81c-08b2-4262-9c1a-0ab3c82cec8c'),
('53ac48a2-efbe-44b3-a276-fffea00e84e3','4fc163c9-f8fb-4cfd-b107-2cb13583ebf0','8221a81c-08b2-4262-9c1a-0ab3c82cec8c'),
('7d8873f1-ca25-470f-9010-250649fe2c6e','e7f199de-eee1-4f57-a8c9-69281ea6cd4d','428ee70f-3001-4399-95a6-ad25eaaede16'),
('7d8873f1-ca25-470f-9010-250649fe2c6e','449a93d7-e705-4340-9936-c859644abd52','428ee70f-3001-4399-95a6-ad25eaaede16'),
('7d8873f1-ca25-470f-9010-250649fe2c6e','65924ac6-9724-455b-ad30-906936291421','428ee70f-3001-4399-95a6-ad25eaaede16'),
('7d8873f1-ca25-470f-9010-250649fe2c6e','9b30ffad-dfcb-44ce-bdca-0ea49239a21a','428ee70f-3001-4399-95a6-ad25eaaede16'),
('7d8873f1-ca25-470f-9010-250649fe2c6e','f6f70273-16a2-4dc7-aafc-9bc74215e713','428ee70f-3001-4399-95a6-ad25eaaede16'),
('7d8873f1-ca25-470f-9010-250649fe2c6e','301ead30-30a4-4c7c-8296-2768abfb59b5','428ee70f-3001-4399-95a6-ad25eaaede16'),
('7d8873f1-ca25-470f-9010-250649fe2c6e','55a9cf76-428d-4409-8a57-aaa523f3b631','428ee70f-3001-4399-95a6-ad25eaaede16'),
('7d8873f1-ca25-470f-9010-250649fe2c6e','19d5ef58-5cfc-41fe-894c-acd705dc1325','428ee70f-3001-4399-95a6-ad25eaaede16'),
('2ff53fa7-9093-42db-9834-86a4e4a3e8c1','19d5ef58-5cfc-41fe-894c-acd705dc1325','428ee70f-3001-4399-95a6-ad25eaaede16'),
('2ff53fa7-9093-42db-9834-86a4e4a3e8c1','9b30ffad-dfcb-44ce-bdca-0ea49239a21a','428ee70f-3001-4399-95a6-ad25eaaede16'),
('18b22a9f-0ba2-4ce1-b4f8-e795da3a1fe9','42077326-ca07-40ea-af20-902249af844e','ca374ac3-84eb-4b91-bea7-9005398f426f'),
('54781c58-b68f-4547-bee3-bc5a6f622734','e7f199de-eee1-4f57-a8c9-69281ea6cd4d','428ee70f-3001-4399-95a6-ad25eaaede16'),
('54781c58-b68f-4547-bee3-bc5a6f622734','65924ac6-9724-455b-ad30-906936291421','428ee70f-3001-4399-95a6-ad25eaaede16'),
('54781c58-b68f-4547-bee3-bc5a6f622734','301ead30-30a4-4c7c-8296-2768abfb59b5','428ee70f-3001-4399-95a6-ad25eaaede16'),
('54781c58-b68f-4547-bee3-bc5a6f622734','55a9cf76-428d-4409-8a57-aaa523f3b631','428ee70f-3001-4399-95a6-ad25eaaede16'),
('a48ab9a6-8156-4da4-8fa9-7648bf9295c3','117832ca-f65e-4cce-9cdd-bdf666e740ea','8221a81c-08b2-4262-9c1a-0ab3c82cec8c'),
('a48ab9a6-8156-4da4-8fa9-7648bf9295c3','ce7a55cc-d179-49d8-b7ab-6e8d93024ead','8221a81c-08b2-4262-9c1a-0ab3c82cec8c'),
('a48ab9a6-8156-4da4-8fa9-7648bf9295c3','2b6e54d3-1cf7-4fc7-aae2-2f338085feda','8221a81c-08b2-4262-9c1a-0ab3c82cec8c'),
('0518415c-9880-4b54-90dc-3de5da6eb926','0541193e-ba84-46e7-973f-82a9900d7521','ca374ac3-84eb-4b91-bea7-9005398f426f'),
('fbab04e4-7d89-4d19-a7f7-443193090b92','42077326-ca07-40ea-af20-902249af844e','ca374ac3-84eb-4b91-bea7-9005398f426f'),
('fbab04e4-7d89-4d19-a7f7-443193090b92','d45e5b8f-7ae3-4fed-8c6b-73959cfc1190','ca374ac3-84eb-4b91-bea7-9005398f426f'),
('fbab04e4-7d89-4d19-a7f7-443193090b92','0541193e-ba84-46e7-973f-82a9900d7521','ca374ac3-84eb-4b91-bea7-9005398f426f'),
('e4082574-2a4f-46ac-9567-096018c2b2f5','d45e5b8f-7ae3-4fed-8c6b-73959cfc1190','ca374ac3-84eb-4b91-bea7-9005398f426f'),
('e4082574-2a4f-46ac-9567-096018c2b2f5','42077326-ca07-40ea-af20-902249af844e','ca374ac3-84eb-4b91-bea7-9005398f426f'),
('a64be1f4-d6ed-4bcb-8b54-0c108ddb497c','ce7a55cc-d179-49d8-b7ab-6e8d93024ead','8221a81c-08b2-4262-9c1a-0ab3c82cec8c'),
('a64be1f4-d6ed-4bcb-8b54-0c108ddb497c','52a658f6-622b-491e-8085-cea58c9b015b','8221a81c-08b2-4262-9c1a-0ab3c82cec8c'),
('a64be1f4-d6ed-4bcb-8b54-0c108ddb497c','2b6e54d3-1cf7-4fc7-aae2-2f338085feda','8221a81c-08b2-4262-9c1a-0ab3c82cec8c'),
('a64be1f4-d6ed-4bcb-8b54-0c108ddb497c','4fc163c9-f8fb-4cfd-b107-2cb13583ebf0','8221a81c-08b2-4262-9c1a-0ab3c82cec8c'),
('a64be1f4-d6ed-4bcb-8b54-0c108ddb497c','6277c89b-28ca-49bd-8411-bf3d461a96f2','8221a81c-08b2-4262-9c1a-0ab3c82cec8c'),
('18476b8d-b12d-4b98-8414-bdf813b8f138','2b6e54d3-1cf7-4fc7-aae2-2f338085feda','8221a81c-08b2-4262-9c1a-0ab3c82cec8c'),
('18476b8d-b12d-4b98-8414-bdf813b8f138','4fc163c9-f8fb-4cfd-b107-2cb13583ebf0','8221a81c-08b2-4262-9c1a-0ab3c82cec8c'),
('18476b8d-b12d-4b98-8414-bdf813b8f138','6277c89b-28ca-49bd-8411-bf3d461a96f2','8221a81c-08b2-4262-9c1a-0ab3c82cec8c'),
('18476b8d-b12d-4b98-8414-bdf813b8f138','52a658f6-622b-491e-8085-cea58c9b015b','8221a81c-08b2-4262-9c1a-0ab3c82cec8c'),
('11fb83a1-520c-4cdf-8d57-84c72acd82a0','8f438eb1-4f5c-4c23-9436-2ef784fb2426','ca374ac3-84eb-4b91-bea7-9005398f426f'),
('11fb83a1-520c-4cdf-8d57-84c72acd82a0','0541193e-ba84-46e7-973f-82a9900d7521','ca374ac3-84eb-4b91-bea7-9005398f426f'),
('11fb83a1-520c-4cdf-8d57-84c72acd82a0','42077326-ca07-40ea-af20-902249af844e','ca374ac3-84eb-4b91-bea7-9005398f426f'),
('11fb83a1-520c-4cdf-8d57-84c72acd82a0','d45e5b8f-7ae3-4fed-8c6b-73959cfc1190','ca374ac3-84eb-4b91-bea7-9005398f426f'),
('71fabd8c-3013-4811-bbb7-603e7bb7032e','117832ca-f65e-4cce-9cdd-bdf666e740ea','8221a81c-08b2-4262-9c1a-0ab3c82cec8c'),
('27986725-7fb4-43e3-92b5-c1d822fd29c5','f6f70273-16a2-4dc7-aafc-9bc74215e713','428ee70f-3001-4399-95a6-ad25eaaede16'),
('27986725-7fb4-43e3-92b5-c1d822fd29c5','9b30ffad-dfcb-44ce-bdca-0ea49239a21a','428ee70f-3001-4399-95a6-ad25eaaede16'),
('27986725-7fb4-43e3-92b5-c1d822fd29c5','55a9cf76-428d-4409-8a57-aaa523f3b631','428ee70f-3001-4399-95a6-ad25eaaede16'),
('27986725-7fb4-43e3-92b5-c1d822fd29c5','e7f199de-eee1-4f57-a8c9-69281ea6cd4d','428ee70f-3001-4399-95a6-ad25eaaede16'),
('27986725-7fb4-43e3-92b5-c1d822fd29c5','301ead30-30a4-4c7c-8296-2768abfb59b5','428ee70f-3001-4399-95a6-ad25eaaede16'),
('27986725-7fb4-43e3-92b5-c1d822fd29c5','19d5ef58-5cfc-41fe-894c-acd705dc1325','428ee70f-3001-4399-95a6-ad25eaaede16'),
('27986725-7fb4-43e3-92b5-c1d822fd29c5','449a93d7-e705-4340-9936-c859644abd52','428ee70f-3001-4399-95a6-ad25eaaede16'),
('9db69078-bddb-42cf-8581-6f427b2b66a9','8f438eb1-4f5c-4c23-9436-2ef784fb2426','ca374ac3-84eb-4b91-bea7-9005398f426f'),
('92798a2b-5038-42a9-9c2a-60fab14e2d02','d45e5b8f-7ae3-4fed-8c6b-73959cfc1190','ca374ac3-84eb-4b91-bea7-9005398f426f'),
('0a5026ca-8e23-4666-a1b1-0684f2415f3b','449a93d7-e705-4340-9936-c859644abd52','428ee70f-3001-4399-95a6-ad25eaaede16'),
('361a3bf5-5a18-453a-b304-82ce413b81c5','e7f199de-eee1-4f57-a8c9-69281ea6cd4d','428ee70f-3001-4399-95a6-ad25eaaede16'),
('361a3bf5-5a18-453a-b304-82ce413b81c5','f6f70273-16a2-4dc7-aafc-9bc74215e713','428ee70f-3001-4399-95a6-ad25eaaede16'),
('361a3bf5-5a18-453a-b304-82ce413b81c5','55a9cf76-428d-4409-8a57-aaa523f3b631','428ee70f-3001-4399-95a6-ad25eaaede16'),
('614c2c56-a4bf-456b-ac08-6c01af2370fe','9b30ffad-dfcb-44ce-bdca-0ea49239a21a','428ee70f-3001-4399-95a6-ad25eaaede16'),
('614c2c56-a4bf-456b-ac08-6c01af2370fe','55a9cf76-428d-4409-8a57-aaa523f3b631','428ee70f-3001-4399-95a6-ad25eaaede16'),
('614c2c56-a4bf-456b-ac08-6c01af2370fe','449a93d7-e705-4340-9936-c859644abd52','428ee70f-3001-4399-95a6-ad25eaaede16'),
('9bef5e6c-8b4f-4d83-b21e-3bd09c528743','19d5ef58-5cfc-41fe-894c-acd705dc1325','428ee70f-3001-4399-95a6-ad25eaaede16'),
('8db4e52c-7c56-469c-b3f6-786c5404dd00','d45e5b8f-7ae3-4fed-8c6b-73959cfc1190','ca374ac3-84eb-4b91-bea7-9005398f426f'),
('8db4e52c-7c56-469c-b3f6-786c5404dd00','8f438eb1-4f5c-4c23-9436-2ef784fb2426','ca374ac3-84eb-4b91-bea7-9005398f426f'),
('8db4e52c-7c56-469c-b3f6-786c5404dd00','0541193e-ba84-46e7-973f-82a9900d7521','ca374ac3-84eb-4b91-bea7-9005398f426f'),
('8db4e52c-7c56-469c-b3f6-786c5404dd00','42077326-ca07-40ea-af20-902249af844e','ca374ac3-84eb-4b91-bea7-9005398f426f'),
('84c1dc28-12aa-488a-9b4d-64879ee304df','19d5ef58-5cfc-41fe-894c-acd705dc1325','428ee70f-3001-4399-95a6-ad25eaaede16'),
('84c1dc28-12aa-488a-9b4d-64879ee304df','e7f199de-eee1-4f57-a8c9-69281ea6cd4d','428ee70f-3001-4399-95a6-ad25eaaede16'),
('84c1dc28-12aa-488a-9b4d-64879ee304df','f6f70273-16a2-4dc7-aafc-9bc74215e713','428ee70f-3001-4399-95a6-ad25eaaede16'),
('84c1dc28-12aa-488a-9b4d-64879ee304df','449a93d7-e705-4340-9936-c859644abd52','428ee70f-3001-4399-95a6-ad25eaaede16'),
('84c1dc28-12aa-488a-9b4d-64879ee304df','55a9cf76-428d-4409-8a57-aaa523f3b631','428ee70f-3001-4399-95a6-ad25eaaede16'),
('84c1dc28-12aa-488a-9b4d-64879ee304df','301ead30-30a4-4c7c-8296-2768abfb59b5','428ee70f-3001-4399-95a6-ad25eaaede16'),
('84c1dc28-12aa-488a-9b4d-64879ee304df','9b30ffad-dfcb-44ce-bdca-0ea49239a21a','428ee70f-3001-4399-95a6-ad25eaaede16'),
('275f5afa-615d-4dcc-873b-f1365fa43613','4fc163c9-f8fb-4cfd-b107-2cb13583ebf0','8221a81c-08b2-4262-9c1a-0ab3c82cec8c'),
('275f5afa-615d-4dcc-873b-f1365fa43613','6277c89b-28ca-49bd-8411-bf3d461a96f2','8221a81c-08b2-4262-9c1a-0ab3c82cec8c'),
('275f5afa-615d-4dcc-873b-f1365fa43613','117832ca-f65e-4cce-9cdd-bdf666e740ea','8221a81c-08b2-4262-9c1a-0ab3c82cec8c'),
('275f5afa-615d-4dcc-873b-f1365fa43613','52a658f6-622b-491e-8085-cea58c9b015b','8221a81c-08b2-4262-9c1a-0ab3c82cec8c'),
('275f5afa-615d-4dcc-873b-f1365fa43613','ce7a55cc-d179-49d8-b7ab-6e8d93024ead','8221a81c-08b2-4262-9c1a-0ab3c82cec8c'),
('275f5afa-615d-4dcc-873b-f1365fa43613','2b6e54d3-1cf7-4fc7-aae2-2f338085feda','8221a81c-08b2-4262-9c1a-0ab3c82cec8c'),
('151bbae5-309f-40f0-ad1f-ad6e82dd7473','42077326-ca07-40ea-af20-902249af844e','ca374ac3-84eb-4b91-bea7-9005398f426f'),
('9ea48596-e72f-48e1-8c5a-6a85790ea6e4','301ead30-30a4-4c7c-8296-2768abfb59b5','428ee70f-3001-4399-95a6-ad25eaaede16'),
('9ea48596-e72f-48e1-8c5a-6a85790ea6e4','19d5ef58-5cfc-41fe-894c-acd705dc1325','428ee70f-3001-4399-95a6-ad25eaaede16'),
('9ea48596-e72f-48e1-8c5a-6a85790ea6e4','e7f199de-eee1-4f57-a8c9-69281ea6cd4d','428ee70f-3001-4399-95a6-ad25eaaede16'),
('9ea48596-e72f-48e1-8c5a-6a85790ea6e4','9b30ffad-dfcb-44ce-bdca-0ea49239a21a','428ee70f-3001-4399-95a6-ad25eaaede16'),
('9ea48596-e72f-48e1-8c5a-6a85790ea6e4','65924ac6-9724-455b-ad30-906936291421','428ee70f-3001-4399-95a6-ad25eaaede16'),
('9ea48596-e72f-48e1-8c5a-6a85790ea6e4','55a9cf76-428d-4409-8a57-aaa523f3b631','428ee70f-3001-4399-95a6-ad25eaaede16'),
('5a0eb8f2-148d-476f-9daf-c78b9c49da9d','4fc163c9-f8fb-4cfd-b107-2cb13583ebf0','8221a81c-08b2-4262-9c1a-0ab3c82cec8c'),
('5a0eb8f2-148d-476f-9daf-c78b9c49da9d','2b6e54d3-1cf7-4fc7-aae2-2f338085feda','8221a81c-08b2-4262-9c1a-0ab3c82cec8c'),
('5a0eb8f2-148d-476f-9daf-c78b9c49da9d','117832ca-f65e-4cce-9cdd-bdf666e740ea','8221a81c-08b2-4262-9c1a-0ab3c82cec8c'),
('5a0eb8f2-148d-476f-9daf-c78b9c49da9d','52a658f6-622b-491e-8085-cea58c9b015b','8221a81c-08b2-4262-9c1a-0ab3c82cec8c'),
('5a0eb8f2-148d-476f-9daf-c78b9c49da9d','ce7a55cc-d179-49d8-b7ab-6e8d93024ead','8221a81c-08b2-4262-9c1a-0ab3c82cec8c'),
('c1e4596e-1a0b-4762-b790-6377e4b45335','42077326-ca07-40ea-af20-902249af844e','ca374ac3-84eb-4b91-bea7-9005398f426f'),
('c1e4596e-1a0b-4762-b790-6377e4b45335','d45e5b8f-7ae3-4fed-8c6b-73959cfc1190','ca374ac3-84eb-4b91-bea7-9005398f426f'),
('c1e4596e-1a0b-4762-b790-6377e4b45335','8f438eb1-4f5c-4c23-9436-2ef784fb2426','ca374ac3-84eb-4b91-bea7-9005398f426f'),
('c1e4596e-1a0b-4762-b790-6377e4b45335','0541193e-ba84-46e7-973f-82a9900d7521','ca374ac3-84eb-4b91-bea7-9005398f426f'),
('74f4e0d2-6e5f-4d8f-89d2-f3eab05ab168','0541193e-ba84-46e7-973f-82a9900d7521','ca374ac3-84eb-4b91-bea7-9005398f426f'),
('74f4e0d2-6e5f-4d8f-89d2-f3eab05ab168','d45e5b8f-7ae3-4fed-8c6b-73959cfc1190','ca374ac3-84eb-4b91-bea7-9005398f426f'),
('74f4e0d2-6e5f-4d8f-89d2-f3eab05ab168','8f438eb1-4f5c-4c23-9436-2ef784fb2426','ca374ac3-84eb-4b91-bea7-9005398f426f'),
('5ca6c1e7-5db9-46be-b062-f4259dd07897','9b30ffad-dfcb-44ce-bdca-0ea49239a21a','428ee70f-3001-4399-95a6-ad25eaaede16'),
('5ca6c1e7-5db9-46be-b062-f4259dd07897','55a9cf76-428d-4409-8a57-aaa523f3b631','428ee70f-3001-4399-95a6-ad25eaaede16'),
('5ca6c1e7-5db9-46be-b062-f4259dd07897','449a93d7-e705-4340-9936-c859644abd52','428ee70f-3001-4399-95a6-ad25eaaede16'),
('5ca6c1e7-5db9-46be-b062-f4259dd07897','e7f199de-eee1-4f57-a8c9-69281ea6cd4d','428ee70f-3001-4399-95a6-ad25eaaede16'),
('fb8ee3c7-b9a0-4ea7-a068-98568da0b1dd','42077326-ca07-40ea-af20-902249af844e','ca374ac3-84eb-4b91-bea7-9005398f426f'),
('006fe33f-4831-4772-8d8b-7f23236f9994','4fc163c9-f8fb-4cfd-b107-2cb13583ebf0','8221a81c-08b2-4262-9c1a-0ab3c82cec8c'),
('006fe33f-4831-4772-8d8b-7f23236f9994','117832ca-f65e-4cce-9cdd-bdf666e740ea','8221a81c-08b2-4262-9c1a-0ab3c82cec8c'),
('006fe33f-4831-4772-8d8b-7f23236f9994','2b6e54d3-1cf7-4fc7-aae2-2f338085feda','8221a81c-08b2-4262-9c1a-0ab3c82cec8c'),
('39f6780d-c55d-47b0-9e46-c706c39a0e49','2b6e54d3-1cf7-4fc7-aae2-2f338085feda','8221a81c-08b2-4262-9c1a-0ab3c82cec8c'),
('39f6780d-c55d-47b0-9e46-c706c39a0e49','6277c89b-28ca-49bd-8411-bf3d461a96f2','8221a81c-08b2-4262-9c1a-0ab3c82cec8c'),
('39f6780d-c55d-47b0-9e46-c706c39a0e49','52a658f6-622b-491e-8085-cea58c9b015b','8221a81c-08b2-4262-9c1a-0ab3c82cec8c'),
('489463c8-5321-4871-95bd-dd335b344dbf','8f438eb1-4f5c-4c23-9436-2ef784fb2426','ca374ac3-84eb-4b91-bea7-9005398f426f'),
('489463c8-5321-4871-95bd-dd335b344dbf','d45e5b8f-7ae3-4fed-8c6b-73959cfc1190','ca374ac3-84eb-4b91-bea7-9005398f426f'),
('c7426e74-ccb4-477f-b0f3-c5365c830c35','d45e5b8f-7ae3-4fed-8c6b-73959cfc1190','ca374ac3-84eb-4b91-bea7-9005398f426f'),
('9da7108d-c17a-4d83-99bf-646efac6b7a6','301ead30-30a4-4c7c-8296-2768abfb59b5','428ee70f-3001-4399-95a6-ad25eaaede16'),
('9da7108d-c17a-4d83-99bf-646efac6b7a6','449a93d7-e705-4340-9936-c859644abd52','428ee70f-3001-4399-95a6-ad25eaaede16'),
('9da7108d-c17a-4d83-99bf-646efac6b7a6','f6f70273-16a2-4dc7-aafc-9bc74215e713','428ee70f-3001-4399-95a6-ad25eaaede16'),
('9da7108d-c17a-4d83-99bf-646efac6b7a6','19d5ef58-5cfc-41fe-894c-acd705dc1325','428ee70f-3001-4399-95a6-ad25eaaede16'),
('9da7108d-c17a-4d83-99bf-646efac6b7a6','55a9cf76-428d-4409-8a57-aaa523f3b631','428ee70f-3001-4399-95a6-ad25eaaede16'),
('9da7108d-c17a-4d83-99bf-646efac6b7a6','65924ac6-9724-455b-ad30-906936291421','428ee70f-3001-4399-95a6-ad25eaaede16'),
('9da7108d-c17a-4d83-99bf-646efac6b7a6','9b30ffad-dfcb-44ce-bdca-0ea49239a21a','428ee70f-3001-4399-95a6-ad25eaaede16'),
('9da7108d-c17a-4d83-99bf-646efac6b7a6','e7f199de-eee1-4f57-a8c9-69281ea6cd4d','428ee70f-3001-4399-95a6-ad25eaaede16'),
('b928f160-aff3-48c8-8457-8abaac545102','117832ca-f65e-4cce-9cdd-bdf666e740ea','8221a81c-08b2-4262-9c1a-0ab3c82cec8c'),
('cad91c0f-4a45-40b4-bb4f-e3fb34b7cb5a','d45e5b8f-7ae3-4fed-8c6b-73959cfc1190','ca374ac3-84eb-4b91-bea7-9005398f426f'),
('cad91c0f-4a45-40b4-bb4f-e3fb34b7cb5a','8f438eb1-4f5c-4c23-9436-2ef784fb2426','ca374ac3-84eb-4b91-bea7-9005398f426f'),
('cad91c0f-4a45-40b4-bb4f-e3fb34b7cb5a','0541193e-ba84-46e7-973f-82a9900d7521','ca374ac3-84eb-4b91-bea7-9005398f426f'),
('506c2c29-f510-419e-950a-008d27f02907','19d5ef58-5cfc-41fe-894c-acd705dc1325','428ee70f-3001-4399-95a6-ad25eaaede16'),
('4988d5f8-8cff-433c-9645-3fee7f41d417','4fc163c9-f8fb-4cfd-b107-2cb13583ebf0','8221a81c-08b2-4262-9c1a-0ab3c82cec8c'),
('4988d5f8-8cff-433c-9645-3fee7f41d417','6277c89b-28ca-49bd-8411-bf3d461a96f2','8221a81c-08b2-4262-9c1a-0ab3c82cec8c'),
('ffef7aa4-11e4-423a-b52d-299efdf027f3','449a93d7-e705-4340-9936-c859644abd52','428ee70f-3001-4399-95a6-ad25eaaede16'),
('ffef7aa4-11e4-423a-b52d-299efdf027f3','f6f70273-16a2-4dc7-aafc-9bc74215e713','428ee70f-3001-4399-95a6-ad25eaaede16'),
('ffef7aa4-11e4-423a-b52d-299efdf027f3','19d5ef58-5cfc-41fe-894c-acd705dc1325','428ee70f-3001-4399-95a6-ad25eaaede16');
INSERT INTO referral_complexity_level_ids (referral_id, complexity_level_ids, complexity_level_ids_key) VALUES('1905bee7-2b7b-4f8f-95f3-fb7abc5ce357','d0db50b0-4a50-4fc7-a006-9c97530e38b2','428ee70f-3001-4399-95a6-ad25eaaede16'),
('b4d99056-0d3f-41cd-a165-13c4a86fd151','0d6a7e24-2c61-4ca7-ac09-ec6f754dc6e5','ca374ac3-84eb-4b91-bea7-9005398f426f'),
('607683b4-6d01-476b-84cc-cfda59c26584','d0db50b0-4a50-4fc7-a006-9c97530e38b2','428ee70f-3001-4399-95a6-ad25eaaede16'),
('1e7256d1-6939-4cdc-99c8-d5e56b2fbb2c','ab17dc4a-3f93-4ae5-a70d-2905b86b256c','ca374ac3-84eb-4b91-bea7-9005398f426f'),
('7540748b-1189-4f1c-8443-90ccc5f2e776','439c6dab-0dd6-4eb9-8a4a-c69d3490e940','ca374ac3-84eb-4b91-bea7-9005398f426f'),
('9344d311-f876-4613-8c10-fd9fe5f3a827','46c1ae33-f90b-4dfc-83f7-6eec49209084','8221a81c-08b2-4262-9c1a-0ab3c82cec8c'),
('171c03f8-a266-4a86-83e4-f53533d42199','0d6a7e24-2c61-4ca7-ac09-ec6f754dc6e5','ca374ac3-84eb-4b91-bea7-9005398f426f'),
('5608b8a6-4465-4ab6-94ff-35cae9de1c01','46c1ae33-f90b-4dfc-83f7-6eec49209084','8221a81c-08b2-4262-9c1a-0ab3c82cec8c'),
('cd5fc0a8-04b2-48e7-b8e4-8026befaadc3','ab17dc4a-3f93-4ae5-a70d-2905b86b256c','ca374ac3-84eb-4b91-bea7-9005398f426f'),
('a8d73034-29e7-4c39-905b-e2db07b9b599','ab17dc4a-3f93-4ae5-a70d-2905b86b256c','ca374ac3-84eb-4b91-bea7-9005398f426f'),
('92e2afd7-c14e-441f-85e9-66ec5a2c44cc','439c6dab-0dd6-4eb9-8a4a-c69d3490e940','ca374ac3-84eb-4b91-bea7-9005398f426f'),
('1f7df598-faf1-4261-80d2-d8deb73c0849','0d6a7e24-2c61-4ca7-ac09-ec6f754dc6e5','ca374ac3-84eb-4b91-bea7-9005398f426f'),
('b82166ac-fe04-45bd-987b-4c5abaf7fe5b','439c6dab-0dd6-4eb9-8a4a-c69d3490e940','ca374ac3-84eb-4b91-bea7-9005398f426f'),
('fd84a621-63e5-4659-8b35-9b4eeaf6dcd3','439c6dab-0dd6-4eb9-8a4a-c69d3490e940','ca374ac3-84eb-4b91-bea7-9005398f426f'),
('b3fe364b-dcab-4a9e-987d-cec331fcf788','0d6a7e24-2c61-4ca7-ac09-ec6f754dc6e5','ca374ac3-84eb-4b91-bea7-9005398f426f'),
('bcb10234-133f-4f19-8029-c65bc41dcd19','439c6dab-0dd6-4eb9-8a4a-c69d3490e940','ca374ac3-84eb-4b91-bea7-9005398f426f'),
('f637e123-d5d9-4583-afab-30851a099aa9','0d6a7e24-2c61-4ca7-ac09-ec6f754dc6e5','ca374ac3-84eb-4b91-bea7-9005398f426f'),
('2ff2073c-d715-4b41-a8d6-a6106554466d','ab17dc4a-3f93-4ae5-a70d-2905b86b256c','ca374ac3-84eb-4b91-bea7-9005398f426f'),
('ab51dc5e-127e-483d-8531-e24adf679ed8','110f2405-d944-4c15-836c-0c6684e2aa78','428ee70f-3001-4399-95a6-ad25eaaede16'),
('35573d8a-367d-4454-aa98-8de5f4f7ad38','ab17dc4a-3f93-4ae5-a70d-2905b86b256c','ca374ac3-84eb-4b91-bea7-9005398f426f'),
('3ed25628-4209-48ed-b08f-1c3f9abce7a7','110f2405-d944-4c15-836c-0c6684e2aa78','428ee70f-3001-4399-95a6-ad25eaaede16'),
('bfea22a8-38e9-4f84-a39b-8ec211622fab','0d6a7e24-2c61-4ca7-ac09-ec6f754dc6e5','ca374ac3-84eb-4b91-bea7-9005398f426f'),
('7cacd156-e712-433a-acb6-2ba3f3e682dc','439c6dab-0dd6-4eb9-8a4a-c69d3490e940','ca374ac3-84eb-4b91-bea7-9005398f426f'),
('6c6ae561-1835-4cea-a1e8-2e69d098a339','d0db50b0-4a50-4fc7-a006-9c97530e38b2','428ee70f-3001-4399-95a6-ad25eaaede16'),
('15faf97f-63fd-4797-b4a6-c14d2de51062','c86be5ec-31fa-4dfa-8c0c-8fe13451b9f6','428ee70f-3001-4399-95a6-ad25eaaede16'),
('3d8bb7af-99d3-479e-80ce-13811143f554','ab17dc4a-3f93-4ae5-a70d-2905b86b256c','ca374ac3-84eb-4b91-bea7-9005398f426f'),
('6c3db62a-9eec-4ce1-9801-e25055ed3190','64a1b7ba-305e-4bcc-b427-01b575ace941','8221a81c-08b2-4262-9c1a-0ab3c82cec8c'),
('112f063d-b6ac-454e-9b53-5e6752c206cf','0d6a7e24-2c61-4ca7-ac09-ec6f754dc6e5','ca374ac3-84eb-4b91-bea7-9005398f426f'),
('dc3ad786-a5a1-448a-8495-a9a78a61a117','110f2405-d944-4c15-836c-0c6684e2aa78','428ee70f-3001-4399-95a6-ad25eaaede16'),
('f3fec826-d4c3-4358-9e85-a4a592edc0d5','46c1ae33-f90b-4dfc-83f7-6eec49209084','8221a81c-08b2-4262-9c1a-0ab3c82cec8c'),
('fc8d2e89-0565-4dfc-8e6b-47f9a6c86543','ab17dc4a-3f93-4ae5-a70d-2905b86b256c','ca374ac3-84eb-4b91-bea7-9005398f426f'),
('e64503dd-1a86-4042-8996-9eafcc7121ce','439c6dab-0dd6-4eb9-8a4a-c69d3490e940','ca374ac3-84eb-4b91-bea7-9005398f426f'),
('91e81add-7d8e-4839-bbdb-c4046c90bc4e','c86be5ec-31fa-4dfa-8c0c-8fe13451b9f6','428ee70f-3001-4399-95a6-ad25eaaede16'),
('669e8eaa-5042-4e64-b932-7556f6a78f95','0d6a7e24-2c61-4ca7-ac09-ec6f754dc6e5','ca374ac3-84eb-4b91-bea7-9005398f426f'),
('35701e69-c164-4112-844f-f09783f31ffa','64a1b7ba-305e-4bcc-b427-01b575ace941','8221a81c-08b2-4262-9c1a-0ab3c82cec8c'),
('b52f8974-f4e3-4b3e-9b47-f2629a5dd001','c86be5ec-31fa-4dfa-8c0c-8fe13451b9f6','428ee70f-3001-4399-95a6-ad25eaaede16'),
('390304b8-ab33-4fe1-9a93-ee2569c522f3','64a1b7ba-305e-4bcc-b427-01b575ace941','8221a81c-08b2-4262-9c1a-0ab3c82cec8c'),
('4ec61ff2-b363-4c61-a55f-30d11305d588','64a1b7ba-305e-4bcc-b427-01b575ace941','8221a81c-08b2-4262-9c1a-0ab3c82cec8c'),
('fc18c092-4fd0-4ce6-a987-5ae3f82be7d2','0d6a7e24-2c61-4ca7-ac09-ec6f754dc6e5','ca374ac3-84eb-4b91-bea7-9005398f426f'),
('41a5243c-187a-4399-bd64-086606b7b3b0','110f2405-d944-4c15-836c-0c6684e2aa78','428ee70f-3001-4399-95a6-ad25eaaede16'),
('9306ffcd-aacf-453b-8112-6562b1bd49b8','d0db50b0-4a50-4fc7-a006-9c97530e38b2','428ee70f-3001-4399-95a6-ad25eaaede16'),
('2e4c71a9-fc09-4b1a-bcfa-2394a2cf0607','64a1b7ba-305e-4bcc-b427-01b575ace941','8221a81c-08b2-4262-9c1a-0ab3c82cec8c'),
('80cca217-24b3-4d21-b2db-eb0db59becec','ab17dc4a-3f93-4ae5-a70d-2905b86b256c','ca374ac3-84eb-4b91-bea7-9005398f426f'),
('d64983b3-9a55-4ba5-97fc-264da8f10d04','ab17dc4a-3f93-4ae5-a70d-2905b86b256c','ca374ac3-84eb-4b91-bea7-9005398f426f'),
('5870a20c-6ed6-422c-a275-f23388a38e78','64a1b7ba-305e-4bcc-b427-01b575ace941','8221a81c-08b2-4262-9c1a-0ab3c82cec8c'),
('f1d2a1e0-91bf-49d9-a7c5-6ab8f674c9ea','0d6a7e24-2c61-4ca7-ac09-ec6f754dc6e5','ca374ac3-84eb-4b91-bea7-9005398f426f'),
('c20c32c3-9517-4914-8261-171cd7f0c10e','cb6f1c1c-29d4-4d34-902e-3c89ee8428a0','8221a81c-08b2-4262-9c1a-0ab3c82cec8c'),
('9b59d553-36f8-4b80-b8a7-dc341cf89da6','d0db50b0-4a50-4fc7-a006-9c97530e38b2','428ee70f-3001-4399-95a6-ad25eaaede16'),
('d4500104-95e9-4601-9b8b-bbac2b3d00c2','110f2405-d944-4c15-836c-0c6684e2aa78','428ee70f-3001-4399-95a6-ad25eaaede16'),
('0593471d-f604-47b9-af8f-1c2edf95c291','0d6a7e24-2c61-4ca7-ac09-ec6f754dc6e5','ca374ac3-84eb-4b91-bea7-9005398f426f'),
('23180636-e407-429e-b8ab-df90b75ed753','c86be5ec-31fa-4dfa-8c0c-8fe13451b9f6','428ee70f-3001-4399-95a6-ad25eaaede16'),
('d4e09c4b-c54d-4190-81e6-33a06be3239a','d0db50b0-4a50-4fc7-a006-9c97530e38b2','428ee70f-3001-4399-95a6-ad25eaaede16'),
('07a92317-5f66-4017-b4ad-4d0ab0e672a4','0d6a7e24-2c61-4ca7-ac09-ec6f754dc6e5','ca374ac3-84eb-4b91-bea7-9005398f426f'),
('c2e53b09-bcdd-46f9-87b9-faab5201ea0d','439c6dab-0dd6-4eb9-8a4a-c69d3490e940','ca374ac3-84eb-4b91-bea7-9005398f426f'),
('42b2e0a0-0990-434c-8fd2-ee5ca0c3806f','ab17dc4a-3f93-4ae5-a70d-2905b86b256c','ca374ac3-84eb-4b91-bea7-9005398f426f'),
('0ee17b79-0edf-41c9-a7e5-a79fc6e8a3f2','0d6a7e24-2c61-4ca7-ac09-ec6f754dc6e5','ca374ac3-84eb-4b91-bea7-9005398f426f'),
('2856f243-e273-4fa9-a384-1191a8238551','46c1ae33-f90b-4dfc-83f7-6eec49209084','8221a81c-08b2-4262-9c1a-0ab3c82cec8c'),
('46ef4347-adb9-4e01-bc29-ee22e06dd9fe','439c6dab-0dd6-4eb9-8a4a-c69d3490e940','ca374ac3-84eb-4b91-bea7-9005398f426f'),
('9cc9c6a9-657f-4162-b8f8-8e0f708c5e4a','46c1ae33-f90b-4dfc-83f7-6eec49209084','8221a81c-08b2-4262-9c1a-0ab3c82cec8c'),
('6d7d88f3-860a-44d9-b534-a97f250319dc','d0db50b0-4a50-4fc7-a006-9c97530e38b2','428ee70f-3001-4399-95a6-ad25eaaede16'),
('3ea475ae-a2e0-4286-a11b-7b2b673fd1f2','439c6dab-0dd6-4eb9-8a4a-c69d3490e940','ca374ac3-84eb-4b91-bea7-9005398f426f'),
('d9cf2a4c-2285-4bee-a6a7-a2ded6e55344','46c1ae33-f90b-4dfc-83f7-6eec49209084','8221a81c-08b2-4262-9c1a-0ab3c82cec8c'),
('9a50bd5c-cd86-45c7-8a0d-808c2d267d71','46c1ae33-f90b-4dfc-83f7-6eec49209084','8221a81c-08b2-4262-9c1a-0ab3c82cec8c'),
('62a1ddf4-99b3-479f-9b93-d5a7eb68d1dc','46c1ae33-f90b-4dfc-83f7-6eec49209084','8221a81c-08b2-4262-9c1a-0ab3c82cec8c'),
('5f87963e-475e-4842-ab31-6aea981283c1','64a1b7ba-305e-4bcc-b427-01b575ace941','8221a81c-08b2-4262-9c1a-0ab3c82cec8c'),
('a8e49d1a-f42e-4dc1-aa0b-bd9b44008de3','c86be5ec-31fa-4dfa-8c0c-8fe13451b9f6','428ee70f-3001-4399-95a6-ad25eaaede16'),
('3305f080-9fd3-4fcc-86b8-de31b9d438e6','0d6a7e24-2c61-4ca7-ac09-ec6f754dc6e5','ca374ac3-84eb-4b91-bea7-9005398f426f'),
('502d6632-2ee2-471f-9f8e-2e6246a531ce','d0db50b0-4a50-4fc7-a006-9c97530e38b2','428ee70f-3001-4399-95a6-ad25eaaede16'),
('aeaeedd0-c4f1-4156-b4d8-a54ba41f08ab','0d6a7e24-2c61-4ca7-ac09-ec6f754dc6e5','ca374ac3-84eb-4b91-bea7-9005398f426f'),
('fafbd352-4617-4376-9544-27dc2af1190e','64a1b7ba-305e-4bcc-b427-01b575ace941','8221a81c-08b2-4262-9c1a-0ab3c82cec8c'),
('30c241ca-a298-4bd3-b8e8-c5133bfa9bc6','ab17dc4a-3f93-4ae5-a70d-2905b86b256c','ca374ac3-84eb-4b91-bea7-9005398f426f'),
('08b1a748-a575-4516-98da-7e41771e20ef','0d6a7e24-2c61-4ca7-ac09-ec6f754dc6e5','ca374ac3-84eb-4b91-bea7-9005398f426f'),
('5cde6449-6bed-49c3-8ca9-c39c1e299105','ab17dc4a-3f93-4ae5-a70d-2905b86b256c','ca374ac3-84eb-4b91-bea7-9005398f426f'),
('17e362f0-532f-415c-a720-331de9582c33','c86be5ec-31fa-4dfa-8c0c-8fe13451b9f6','428ee70f-3001-4399-95a6-ad25eaaede16'),
('1833b3ab-4130-4985-9c52-df8e989047db','cb6f1c1c-29d4-4d34-902e-3c89ee8428a0','8221a81c-08b2-4262-9c1a-0ab3c82cec8c'),
('fae68dfa-4f6f-4183-a174-9a8d6a9702ec','46c1ae33-f90b-4dfc-83f7-6eec49209084','8221a81c-08b2-4262-9c1a-0ab3c82cec8c'),
('f72f950d-d06b-4d43-abbf-5fab3f3642f1','439c6dab-0dd6-4eb9-8a4a-c69d3490e940','ca374ac3-84eb-4b91-bea7-9005398f426f'),
('d772257f-1a12-4463-899e-c166758fc713','d0db50b0-4a50-4fc7-a006-9c97530e38b2','428ee70f-3001-4399-95a6-ad25eaaede16'),
('95b2ac47-a7e2-433f-a2b7-65bcee7e957b','0d6a7e24-2c61-4ca7-ac09-ec6f754dc6e5','ca374ac3-84eb-4b91-bea7-9005398f426f'),
('a52f72ed-e8db-41b7-ae73-e72d206cce30','c86be5ec-31fa-4dfa-8c0c-8fe13451b9f6','428ee70f-3001-4399-95a6-ad25eaaede16'),
('57d3b528-5582-44ed-9e90-091b4372de79','64a1b7ba-305e-4bcc-b427-01b575ace941','8221a81c-08b2-4262-9c1a-0ab3c82cec8c'),
('ce5bf5fd-b5e6-46be-938b-54b32f864866','0d6a7e24-2c61-4ca7-ac09-ec6f754dc6e5','ca374ac3-84eb-4b91-bea7-9005398f426f'),
('9dbfbc8e-5fe6-4d5e-b36d-f480d12ddc7d','110f2405-d944-4c15-836c-0c6684e2aa78','428ee70f-3001-4399-95a6-ad25eaaede16'),
('abb843ae-764a-4221-908e-e045d7f71dde','46c1ae33-f90b-4dfc-83f7-6eec49209084','8221a81c-08b2-4262-9c1a-0ab3c82cec8c'),
('d293b09b-e9d0-45ef-a444-c7bf7670ce9b','0d6a7e24-2c61-4ca7-ac09-ec6f754dc6e5','ca374ac3-84eb-4b91-bea7-9005398f426f'),
('e7726717-10e4-412f-b464-b3f98c210e60','0d6a7e24-2c61-4ca7-ac09-ec6f754dc6e5','ca374ac3-84eb-4b91-bea7-9005398f426f'),
('9e9803a0-14a5-408d-9560-b9a60b1e915b','ab17dc4a-3f93-4ae5-a70d-2905b86b256c','ca374ac3-84eb-4b91-bea7-9005398f426f'),
('0995695e-dc16-4ff6-90a1-957e7f30bf2c','46c1ae33-f90b-4dfc-83f7-6eec49209084','8221a81c-08b2-4262-9c1a-0ab3c82cec8c'),
('4f3137aa-47d5-4277-bfd7-a73e9feca11c','0d6a7e24-2c61-4ca7-ac09-ec6f754dc6e5','ca374ac3-84eb-4b91-bea7-9005398f426f'),
('26cfa007-df99-493a-9b2c-9b0bc9864bb3','ab17dc4a-3f93-4ae5-a70d-2905b86b256c','ca374ac3-84eb-4b91-bea7-9005398f426f'),
('970b5549-d879-43f5-848a-37dab0a9adb6','ab17dc4a-3f93-4ae5-a70d-2905b86b256c','ca374ac3-84eb-4b91-bea7-9005398f426f'),
('e86b49b9-06a0-4d75-82a6-13f2295682aa','0d6a7e24-2c61-4ca7-ac09-ec6f754dc6e5','ca374ac3-84eb-4b91-bea7-9005398f426f'),
('042655de-8c9f-459d-a563-78759bae79a6','0d6a7e24-2c61-4ca7-ac09-ec6f754dc6e5','ca374ac3-84eb-4b91-bea7-9005398f426f'),
('1651a5f5-224c-4e70-9b73-7f5ee26581f9','110f2405-d944-4c15-836c-0c6684e2aa78','428ee70f-3001-4399-95a6-ad25eaaede16'),
('8bd7f5a6-085d-4c70-9c13-66796f2d6ed3','439c6dab-0dd6-4eb9-8a4a-c69d3490e940','ca374ac3-84eb-4b91-bea7-9005398f426f'),
('5ad57567-6c51-437e-82b8-16ca7b4fbcf4','439c6dab-0dd6-4eb9-8a4a-c69d3490e940','ca374ac3-84eb-4b91-bea7-9005398f426f'),
('0e08c92f-8de7-45fa-a71d-859101746008','c86be5ec-31fa-4dfa-8c0c-8fe13451b9f6','428ee70f-3001-4399-95a6-ad25eaaede16'),
('4584ec44-c536-4fb8-a130-e303ffb6eeac','0d6a7e24-2c61-4ca7-ac09-ec6f754dc6e5','ca374ac3-84eb-4b91-bea7-9005398f426f'),
('e2870d77-c434-4a19-8f46-e618d94e91aa','64a1b7ba-305e-4bcc-b427-01b575ace941','8221a81c-08b2-4262-9c1a-0ab3c82cec8c'),
('0e0e051a-a654-49b9-ba2f-a5c24ab8c139','439c6dab-0dd6-4eb9-8a4a-c69d3490e940','ca374ac3-84eb-4b91-bea7-9005398f426f'),
('4d430a3f-a56a-41b0-8b35-e2816a5daaf0','c86be5ec-31fa-4dfa-8c0c-8fe13451b9f6','428ee70f-3001-4399-95a6-ad25eaaede16'),
('4763a1a4-4544-42c0-8cad-0efc995087a8','64a1b7ba-305e-4bcc-b427-01b575ace941','8221a81c-08b2-4262-9c1a-0ab3c82cec8c'),
('05303f2c-d316-4a2f-b332-e2f91a180e40','439c6dab-0dd6-4eb9-8a4a-c69d3490e940','ca374ac3-84eb-4b91-bea7-9005398f426f'),
('be75dd08-ab9e-44e4-83ef-17a4907536bf','c86be5ec-31fa-4dfa-8c0c-8fe13451b9f6','428ee70f-3001-4399-95a6-ad25eaaede16'),
('2b8e84c1-c5df-4080-ba61-4c7d9a22a689','0d6a7e24-2c61-4ca7-ac09-ec6f754dc6e5','ca374ac3-84eb-4b91-bea7-9005398f426f'),
('8603bea4-659e-4395-891c-63933e1a13e4','0d6a7e24-2c61-4ca7-ac09-ec6f754dc6e5','ca374ac3-84eb-4b91-bea7-9005398f426f'),
('153eb40e-9d3d-45c5-9bca-f00dfa9d9ce9','110f2405-d944-4c15-836c-0c6684e2aa78','428ee70f-3001-4399-95a6-ad25eaaede16'),
('902b02b5-a06c-4b36-bc64-c3302baca219','cb6f1c1c-29d4-4d34-902e-3c89ee8428a0','8221a81c-08b2-4262-9c1a-0ab3c82cec8c'),
('a82856cd-6c6b-4470-9352-5da0f71df539','0d6a7e24-2c61-4ca7-ac09-ec6f754dc6e5','ca374ac3-84eb-4b91-bea7-9005398f426f'),
('dce9699c-dfd4-4ae0-8eaf-87f921a52116','110f2405-d944-4c15-836c-0c6684e2aa78','428ee70f-3001-4399-95a6-ad25eaaede16'),
('53ac48a2-efbe-44b3-a276-fffea00e84e3','64a1b7ba-305e-4bcc-b427-01b575ace941','8221a81c-08b2-4262-9c1a-0ab3c82cec8c'),
('7d8873f1-ca25-470f-9010-250649fe2c6e','c86be5ec-31fa-4dfa-8c0c-8fe13451b9f6','428ee70f-3001-4399-95a6-ad25eaaede16'),
('2ff53fa7-9093-42db-9834-86a4e4a3e8c1','110f2405-d944-4c15-836c-0c6684e2aa78','428ee70f-3001-4399-95a6-ad25eaaede16'),
('18b22a9f-0ba2-4ce1-b4f8-e795da3a1fe9','ab17dc4a-3f93-4ae5-a70d-2905b86b256c','ca374ac3-84eb-4b91-bea7-9005398f426f'),
('54781c58-b68f-4547-bee3-bc5a6f622734','d0db50b0-4a50-4fc7-a006-9c97530e38b2','428ee70f-3001-4399-95a6-ad25eaaede16'),
('a48ab9a6-8156-4da4-8fa9-7648bf9295c3','64a1b7ba-305e-4bcc-b427-01b575ace941','8221a81c-08b2-4262-9c1a-0ab3c82cec8c'),
('0518415c-9880-4b54-90dc-3de5da6eb926','439c6dab-0dd6-4eb9-8a4a-c69d3490e940','ca374ac3-84eb-4b91-bea7-9005398f426f'),
('fbab04e4-7d89-4d19-a7f7-443193090b92','0d6a7e24-2c61-4ca7-ac09-ec6f754dc6e5','ca374ac3-84eb-4b91-bea7-9005398f426f'),
('e4082574-2a4f-46ac-9567-096018c2b2f5','439c6dab-0dd6-4eb9-8a4a-c69d3490e940','ca374ac3-84eb-4b91-bea7-9005398f426f'),
('a64be1f4-d6ed-4bcb-8b54-0c108ddb497c','46c1ae33-f90b-4dfc-83f7-6eec49209084','8221a81c-08b2-4262-9c1a-0ab3c82cec8c'),
('18476b8d-b12d-4b98-8414-bdf813b8f138','cb6f1c1c-29d4-4d34-902e-3c89ee8428a0','8221a81c-08b2-4262-9c1a-0ab3c82cec8c'),
('11fb83a1-520c-4cdf-8d57-84c72acd82a0','ab17dc4a-3f93-4ae5-a70d-2905b86b256c','ca374ac3-84eb-4b91-bea7-9005398f426f'),
('71fabd8c-3013-4811-bbb7-603e7bb7032e','cb6f1c1c-29d4-4d34-902e-3c89ee8428a0','8221a81c-08b2-4262-9c1a-0ab3c82cec8c'),
('27986725-7fb4-43e3-92b5-c1d822fd29c5','c86be5ec-31fa-4dfa-8c0c-8fe13451b9f6','428ee70f-3001-4399-95a6-ad25eaaede16'),
('9db69078-bddb-42cf-8581-6f427b2b66a9','ab17dc4a-3f93-4ae5-a70d-2905b86b256c','ca374ac3-84eb-4b91-bea7-9005398f426f'),
('92798a2b-5038-42a9-9c2a-60fab14e2d02','439c6dab-0dd6-4eb9-8a4a-c69d3490e940','ca374ac3-84eb-4b91-bea7-9005398f426f'),
('0a5026ca-8e23-4666-a1b1-0684f2415f3b','c86be5ec-31fa-4dfa-8c0c-8fe13451b9f6','428ee70f-3001-4399-95a6-ad25eaaede16'),
('361a3bf5-5a18-453a-b304-82ce413b81c5','d0db50b0-4a50-4fc7-a006-9c97530e38b2','428ee70f-3001-4399-95a6-ad25eaaede16'),
('614c2c56-a4bf-456b-ac08-6c01af2370fe','c86be5ec-31fa-4dfa-8c0c-8fe13451b9f6','428ee70f-3001-4399-95a6-ad25eaaede16'),
('9bef5e6c-8b4f-4d83-b21e-3bd09c528743','110f2405-d944-4c15-836c-0c6684e2aa78','428ee70f-3001-4399-95a6-ad25eaaede16'),
('8db4e52c-7c56-469c-b3f6-786c5404dd00','439c6dab-0dd6-4eb9-8a4a-c69d3490e940','ca374ac3-84eb-4b91-bea7-9005398f426f'),
('84c1dc28-12aa-488a-9b4d-64879ee304df','d0db50b0-4a50-4fc7-a006-9c97530e38b2','428ee70f-3001-4399-95a6-ad25eaaede16'),
('275f5afa-615d-4dcc-873b-f1365fa43613','64a1b7ba-305e-4bcc-b427-01b575ace941','8221a81c-08b2-4262-9c1a-0ab3c82cec8c'),
('151bbae5-309f-40f0-ad1f-ad6e82dd7473','ab17dc4a-3f93-4ae5-a70d-2905b86b256c','ca374ac3-84eb-4b91-bea7-9005398f426f'),
('9ea48596-e72f-48e1-8c5a-6a85790ea6e4','110f2405-d944-4c15-836c-0c6684e2aa78','428ee70f-3001-4399-95a6-ad25eaaede16'),
('5a0eb8f2-148d-476f-9daf-c78b9c49da9d','64a1b7ba-305e-4bcc-b427-01b575ace941','8221a81c-08b2-4262-9c1a-0ab3c82cec8c'),
('c1e4596e-1a0b-4762-b790-6377e4b45335','ab17dc4a-3f93-4ae5-a70d-2905b86b256c','ca374ac3-84eb-4b91-bea7-9005398f426f'),
('74f4e0d2-6e5f-4d8f-89d2-f3eab05ab168','0d6a7e24-2c61-4ca7-ac09-ec6f754dc6e5','ca374ac3-84eb-4b91-bea7-9005398f426f'),
('5ca6c1e7-5db9-46be-b062-f4259dd07897','c86be5ec-31fa-4dfa-8c0c-8fe13451b9f6','428ee70f-3001-4399-95a6-ad25eaaede16'),
('fb8ee3c7-b9a0-4ea7-a068-98568da0b1dd','0d6a7e24-2c61-4ca7-ac09-ec6f754dc6e5','ca374ac3-84eb-4b91-bea7-9005398f426f'),
('006fe33f-4831-4772-8d8b-7f23236f9994','64a1b7ba-305e-4bcc-b427-01b575ace941','8221a81c-08b2-4262-9c1a-0ab3c82cec8c'),
('39f6780d-c55d-47b0-9e46-c706c39a0e49','46c1ae33-f90b-4dfc-83f7-6eec49209084','8221a81c-08b2-4262-9c1a-0ab3c82cec8c'),
('489463c8-5321-4871-95bd-dd335b344dbf','439c6dab-0dd6-4eb9-8a4a-c69d3490e940','ca374ac3-84eb-4b91-bea7-9005398f426f'),
('c7426e74-ccb4-477f-b0f3-c5365c830c35','439c6dab-0dd6-4eb9-8a4a-c69d3490e940','ca374ac3-84eb-4b91-bea7-9005398f426f'),
('9da7108d-c17a-4d83-99bf-646efac6b7a6','c86be5ec-31fa-4dfa-8c0c-8fe13451b9f6','428ee70f-3001-4399-95a6-ad25eaaede16'),
('b928f160-aff3-48c8-8457-8abaac545102','46c1ae33-f90b-4dfc-83f7-6eec49209084','8221a81c-08b2-4262-9c1a-0ab3c82cec8c'),
('cad91c0f-4a45-40b4-bb4f-e3fb34b7cb5a','439c6dab-0dd6-4eb9-8a4a-c69d3490e940','ca374ac3-84eb-4b91-bea7-9005398f426f'),
('506c2c29-f510-419e-950a-008d27f02907','d0db50b0-4a50-4fc7-a006-9c97530e38b2','428ee70f-3001-4399-95a6-ad25eaaede16'),
('4988d5f8-8cff-433c-9645-3fee7f41d417','cb6f1c1c-29d4-4d34-902e-3c89ee8428a0','8221a81c-08b2-4262-9c1a-0ab3c82cec8c'),
('ffef7aa4-11e4-423a-b52d-299efdf027f3','c86be5ec-31fa-4dfa-8c0c-8fe13451b9f6','428ee70f-3001-4399-95a6-ad25eaaede16');